{
  "appInfo" : {
    "build" : "212.5457.46",
    "buildDate" : "2021-10-12T13:22:14.746Z[UTC]",
    "productCode" : "IC",
    "generated" : "2021-10-19T06:06:25.7944658Z",
    "os" : "Windows 10 10.0",
    "runtime" : "JetBrains s.r.o. 11.0.12 11.0.12+7-b1504.40"
  },
  "runtimeInfo" : {
    "maxMemory" : 2147483648,
    "numberOfProcessors" : 16,
    "maxNumberOfIndexingThreads" : 4,
    "maxSizeOfFileForIntelliSense" : 2560000,
    "maxSizeOfFileForContentLoading" : 20971520
  },
  "projectIndexingHistory" : {
    "projectName" : "ModernIndustry",
    "times" : {
      "indexingReason" : "On project open",
      "totalUpdatingTime" : 5428284700,
      "indexingTime" : 0,
      "contentLoadingTime" : 0,
      "scanFilesTime" : 5344136000,
      "pushPropertiesTime" : 0,
      "indexExtensionsTime" : 0,
      "updatingStart" : "2021-10-19T06:06:20.3722005Z",
      "updatingEnd" : "2021-10-19T06:06:25.7944658Z",
      "totalSuspendedTime" : 0,
      "wasInterrupted" : false
    },
    "fileCount" : {
      "numberOfFileProviders" : 75,
      "numberOfScannedFiles" : 115042,
      "numberOfFilesIndexedByInfrastructureExtensionsDuringScan" : 0,
      "numberOfFilesScheduledForIndexingAfterScan" : 0,
      "numberOfFilesIndexedByInfrastructureExtensionsDuringIndexingStage" : 0,
      "numberOfFilesIndexedWithLoadingContent" : 0
    },
    "totalStatsPerFileType" : [ ],
    "totalStatsPerIndexer" : [ ],
    "scanningStatistics" : [ {
      "providerName" : "Library Gradle: net.minecraftforge:forgeSrc:1.12.2-14.23.5.2768",
      "numberOfScannedFiles" : 17085,
      "numberOfSkippedFiles" : 0,
      "numberOfFilesForIndexing" : 0,
      "numberOfFilesFullyIndexedByInfrastructureExtensions" : 0,
      "scanningTime" : 2499659623,
      "timeProcessingUpToDateFiles" : 447189078,
      "timeUpdatingContentLessIndexes" : 15699191,
      "timeIndexingWithoutContent" : 0
    }, {
      "providerName" : "Library Gradle: io.netty:netty-all:4.1.9.Final",
      "numberOfScannedFiles" : 4083,
      "numberOfSkippedFiles" : 0,
      "numberOfFilesForIndexing" : 0,
      "numberOfFilesFullyIndexedByInfrastructureExtensions" : 0,
      "scanningTime" : 1971135888,
      "timeProcessingUpToDateFiles" : 401678739,
      "timeUpdatingContentLessIndexes" : 9232116,
      "timeIndexingWithoutContent" : 0
    }, {
      "providerName" : "Library Gradle: com.google.guava:guava:21.0",
      "numberOfScannedFiles" : 2378,
      "numberOfSkippedFiles" : 0,
      "numberOfFilesForIndexing" : 0,
      "numberOfFilesFullyIndexedByInfrastructureExtensions" : 0,
      "scanningTime" : 1780821266,
      "timeProcessingUpToDateFiles" : 340865675,
      "timeUpdatingContentLessIndexes" : 6363899,
      "timeIndexingWithoutContent" : 0
    }, {
      "providerName" : "Library Gradle: it.unimi.dsi:fastutil:7.1.0",
      "numberOfScannedFiles" : 12800,
      "numberOfSkippedFiles" : 0,
      "numberOfFilesForIndexing" : 0,
      "numberOfFilesFullyIndexedByInfrastructureExtensions" : 0,
      "scanningTime" : 1517729715,
      "timeProcessingUpToDateFiles" : 395902792,
      "timeUpdatingContentLessIndexes" : 13459606,
      "timeIndexingWithoutContent" : 0
    }, {
      "providerName" : "Library Gradle: com.ibm.icu:icu4j-core-mojang:51.2",
      "numberOfScannedFiles" : 1282,
      "numberOfSkippedFiles" : 0,
      "numberOfFilesForIndexing" : 0,
      "numberOfFilesFullyIndexedByInfrastructureExtensions" : 0,
      "scanningTime" : 1357422181,
      "timeProcessingUpToDateFiles" : 233261656,
      "timeUpdatingContentLessIndexes" : 3509389,
      "timeIndexingWithoutContent" : 0
    }, {
      "providerName" : "Library Gradle: net.java.dev.jna:platform:3.4.0",
      "numberOfScannedFiles" : 561,
      "numberOfSkippedFiles" : 0,
      "numberOfFilesForIndexing" : 0,
      "numberOfFilesFullyIndexedByInfrastructureExtensions" : 0,
      "scanningTime" : 1233442915,
      "timeProcessingUpToDateFiles" : 106396569,
      "timeUpdatingContentLessIndexes" : 2038009,
      "timeIndexingWithoutContent" : 0
    }, {
      "providerName" : "JDK 1.8",
      "numberOfScannedFiles" : 43877,
      "numberOfSkippedFiles" : 0,
      "numberOfFilesForIndexing" : 0,
      "numberOfFilesFullyIndexedByInfrastructureExtensions" : 0,
      "scanningTime" : 1202601300,
      "timeProcessingUpToDateFiles" : 255188100,
      "timeUpdatingContentLessIndexes" : 21023800,
      "timeIndexingWithoutContent" : 0
    }, {
      "providerName" : "Library Gradle: org.scala-lang:scala-compiler:2.11.1",
      "numberOfScannedFiles" : 8708,
      "numberOfSkippedFiles" : 0,
      "numberOfFilesForIndexing" : 0,
      "numberOfFilesFullyIndexedByInfrastructureExtensions" : 0,
      "scanningTime" : 1083230700,
      "timeProcessingUpToDateFiles" : 292044400,
      "timeUpdatingContentLessIndexes" : 10659300,
      "timeIndexingWithoutContent" : 0
    }, {
      "providerName" : "Library Gradle: org.scala-lang:scala-library:2.11.1",
      "numberOfScannedFiles" : 4443,
      "numberOfSkippedFiles" : 0,
      "numberOfFilesForIndexing" : 0,
      "numberOfFilesFullyIndexedByInfrastructureExtensions" : 0,
      "scanningTime" : 902975700,
      "timeProcessingUpToDateFiles" : 271345500,
      "timeUpdatingContentLessIndexes" : 7788100,
      "timeIndexingWithoutContent" : 0
    }, {
      "providerName" : "Library Gradle: com.typesafe.akka:akka-actor_2.11:2.3.3",
      "numberOfScannedFiles" : 1802,
      "numberOfSkippedFiles" : 0,
      "numberOfFilesForIndexing" : 0,
      "numberOfFilesFullyIndexedByInfrastructureExtensions" : 0,
      "scanningTime" : 880508701,
      "timeProcessingUpToDateFiles" : 229277706,
      "timeUpdatingContentLessIndexes" : 4219599,
      "timeIndexingWithoutContent" : 0
    }, {
      "providerName" : "Library Gradle: org.scala-lang:scala-reflect:2.11.1",
      "numberOfScannedFiles" : 2925,
      "numberOfSkippedFiles" : 0,
      "numberOfFilesForIndexing" : 0,
      "numberOfFilesFullyIndexedByInfrastructureExtensions" : 0,
      "scanningTime" : 874213600,
      "timeProcessingUpToDateFiles" : 348601200,
      "timeUpdatingContentLessIndexes" : 6133900,
      "timeIndexingWithoutContent" : 0
    }, {
      "providerName" : "Library Gradle: org.apache.httpcomponents:httpclient:4.3.3",
      "numberOfScannedFiles" : 825,
      "numberOfSkippedFiles" : 0,
      "numberOfFilesForIndexing" : 0,
      "numberOfFilesFullyIndexedByInfrastructureExtensions" : 0,
      "scanningTime" : 872164721,
      "timeProcessingUpToDateFiles" : 145390807,
      "timeUpdatingContentLessIndexes" : 2275120,
      "timeIndexingWithoutContent" : 0
    }, {
      "providerName" : "Library Gradle: org.lwjgl.lwjgl:lwjgl:2.9.4-nightly-20150209",
      "numberOfScannedFiles" : 1253,
      "numberOfSkippedFiles" : 0,
      "numberOfFilesForIndexing" : 0,
      "numberOfFilesFullyIndexedByInfrastructureExtensions" : 0,
      "scanningTime" : 788433295,
      "timeProcessingUpToDateFiles" : 211444646,
      "timeUpdatingContentLessIndexes" : 5081087,
      "timeIndexingWithoutContent" : 0
    }, {
      "providerName" : "Library Gradle: org.apache.logging.log4j:log4j-core:2.8.1",
      "numberOfScannedFiles" : 1559,
      "numberOfSkippedFiles" : 0,
      "numberOfFilesForIndexing" : 0,
      "numberOfFilesFullyIndexedByInfrastructureExtensions" : 0,
      "scanningTime" : 751789606,
      "timeProcessingUpToDateFiles" : 230985585,
      "timeUpdatingContentLessIndexes" : 3568706,
      "timeIndexingWithoutContent" : 0
    }, {
      "providerName" : "Library Gradle: org.apache.commons:commons-lang3:3.5",
      "numberOfScannedFiles" : 413,
      "numberOfSkippedFiles" : 0,
      "numberOfFilesForIndexing" : 0,
      "numberOfFilesFullyIndexedByInfrastructureExtensions" : 0,
      "scanningTime" : 691976374,
      "timeProcessingUpToDateFiles" : 73747862,
      "timeUpdatingContentLessIndexes" : 1467297,
      "timeIndexingWithoutContent" : 0
    }, {
      "providerName" : "Library Gradle: commons-io:commons-io:2.5",
      "numberOfScannedFiles" : 254,
      "numberOfSkippedFiles" : 0,
      "numberOfFilesForIndexing" : 0,
      "numberOfFilesFullyIndexedByInfrastructureExtensions" : 0,
      "scanningTime" : 648137495,
      "timeProcessingUpToDateFiles" : 46034129,
      "timeUpdatingContentLessIndexes" : 848696,
      "timeIndexingWithoutContent" : 0
    }, {
      "providerName" : "Library Gradle: net.sf.trove4j:trove4j:3.0.3",
      "numberOfScannedFiles" : 2289,
      "numberOfSkippedFiles" : 0,
      "numberOfFilesForIndexing" : 0,
      "numberOfFilesFullyIndexedByInfrastructureExtensions" : 0,
      "scanningTime" : 636771300,
      "timeProcessingUpToDateFiles" : 180682100,
      "timeUpdatingContentLessIndexes" : 4776700,
      "timeIndexingWithoutContent" : 0
    }, {
      "providerName" : "Library Gradle: net.java.dev.jna:jna:4.4.0",
      "numberOfScannedFiles" : 184,
      "numberOfSkippedFiles" : 0,
      "numberOfFilesForIndexing" : 0,
      "numberOfFilesFullyIndexedByInfrastructureExtensions" : 0,
      "scanningTime" : 613959512,
      "timeProcessingUpToDateFiles" : 38941708,
      "timeUpdatingContentLessIndexes" : 606289,
      "timeIndexingWithoutContent" : 0
    }, {
      "providerName" : "Library Gradle: com.mojang:authlib:1.5.25",
      "numberOfScannedFiles" : 106,
      "numberOfSkippedFiles" : 0,
      "numberOfFilesForIndexing" : 0,
      "numberOfFilesFullyIndexedByInfrastructureExtensions" : 0,
      "scanningTime" : 594664597,
      "timeProcessingUpToDateFiles" : 30516101,
      "timeUpdatingContentLessIndexes" : 407789,
      "timeIndexingWithoutContent" : 0
    }, {
      "providerName" : "Library Gradle: oshi-project:oshi-core:1.1",
      "numberOfScannedFiles" : 57,
      "numberOfSkippedFiles" : 0,
      "numberOfFilesForIndexing" : 0,
      "numberOfFilesFullyIndexedByInfrastructureExtensions" : 0,
      "scanningTime" : 553352093,
      "timeProcessingUpToDateFiles" : 24691999,
      "timeUpdatingContentLessIndexes" : 278298,
      "timeIndexingWithoutContent" : 0
    }, {
      "providerName" : "Library Gradle: net.sf.jopt-simple:jopt-simple:5.0.3",
      "numberOfScannedFiles" : 117,
      "numberOfSkippedFiles" : 0,
      "numberOfFilesForIndexing" : 0,
      "numberOfFilesFullyIndexedByInfrastructureExtensions" : 0,
      "scanningTime" : 550740308,
      "timeProcessingUpToDateFiles" : 30334329,
      "timeUpdatingContentLessIndexes" : 404193,
      "timeIndexingWithoutContent" : 0
    }, {
      "providerName" : "Library Gradle: org.apache.maven:maven-artifact:3.5.3",
      "numberOfScannedFiles" : 71,
      "numberOfSkippedFiles" : 0,
      "numberOfFilesForIndexing" : 0,
      "numberOfFilesFullyIndexedByInfrastructureExtensions" : 0,
      "scanningTime" : 505860096,
      "timeProcessingUpToDateFiles" : 21916292,
      "timeUpdatingContentLessIndexes" : 282889,
      "timeIndexingWithoutContent" : 0
    }, {
      "providerName" : "Library Gradle: com.mojang:realms:1.10.22",
      "numberOfScannedFiles" : 226,
      "numberOfSkippedFiles" : 0,
      "numberOfFilesForIndexing" : 0,
      "numberOfFilesFullyIndexedByInfrastructureExtensions" : 0,
      "scanningTime" : 458624193,
      "timeProcessingUpToDateFiles" : 34890615,
      "timeUpdatingContentLessIndexes" : 782807,
      "timeIndexingWithoutContent" : 0
    }, {
      "providerName" : "Library Gradle: commons-codec:commons-codec:1.10",
      "numberOfScannedFiles" : 423,
      "numberOfSkippedFiles" : 0,
      "numberOfFilesForIndexing" : 0,
      "numberOfFilesFullyIndexedByInfrastructureExtensions" : 0,
      "scanningTime" : 425318398,
      "timeProcessingUpToDateFiles" : 65816013,
      "timeUpdatingContentLessIndexes" : 1514814,
      "timeIndexingWithoutContent" : 0
    }, {
      "providerName" : "Library Gradle: org.spongepowered:mixin:0.8-SNAPSHOT",
      "numberOfScannedFiles" : 882,
      "numberOfSkippedFiles" : 0,
      "numberOfFilesForIndexing" : 0,
      "numberOfFilesFullyIndexedByInfrastructureExtensions" : 0,
      "scanningTime" : 320539900,
      "timeProcessingUpToDateFiles" : 91898400,
      "timeUpdatingContentLessIndexes" : 1875300,
      "timeIndexingWithoutContent" : 0
    }, {
      "providerName" : "Library Gradle: com.google.code.findbugs:jsr305:3.0.1",
      "numberOfScannedFiles" : 70,
      "numberOfSkippedFiles" : 0,
      "numberOfFilesForIndexing" : 0,
      "numberOfFilesFullyIndexedByInfrastructureExtensions" : 0,
      "scanningTime" : 315523796,
      "timeProcessingUpToDateFiles" : 24415575,
      "timeUpdatingContentLessIndexes" : 356494,
      "timeIndexingWithoutContent" : 0
    }, {
      "providerName" : "Library Gradle: org.apache.httpcomponents:httpcore:4.3.2",
      "numberOfScannedFiles" : 483,
      "numberOfSkippedFiles" : 0,
      "numberOfFilesForIndexing" : 0,
      "numberOfFilesFullyIndexedByInfrastructureExtensions" : 0,
      "scanningTime" : 294324599,
      "timeProcessingUpToDateFiles" : 87190947,
      "timeUpdatingContentLessIndexes" : 1284508,
      "timeIndexingWithoutContent" : 0
    }, {
      "providerName" : "Library Gradle: net.java.jinput:jinput:2.0.5",
      "numberOfScannedFiles" : 302,
      "numberOfSkippedFiles" : 0,
      "numberOfFilesForIndexing" : 0,
      "numberOfFilesFullyIndexedByInfrastructureExtensions" : 0,
      "scanningTime" : 285711805,
      "timeProcessingUpToDateFiles" : 53427799,
      "timeUpdatingContentLessIndexes" : 1080805,
      "timeIndexingWithoutContent" : 0
    }, {
      "providerName" : "Library Gradle: org.scala-lang.modules:scala-swing_2.11:1.0.1",
      "numberOfScannedFiles" : 581,
      "numberOfSkippedFiles" : 0,
      "numberOfFilesForIndexing" : 0,
      "numberOfFilesFullyIndexedByInfrastructureExtensions" : 0,
      "scanningTime" : 271336000,
      "timeProcessingUpToDateFiles" : 85120300,
      "timeUpdatingContentLessIndexes" : 1480300,
      "timeIndexingWithoutContent" : 0
    }, {
      "providerName" : "Library compileDummy.jar",
      "numberOfScannedFiles" : 1,
      "numberOfSkippedFiles" : 0,
      "numberOfFilesForIndexing" : 0,
      "numberOfFilesFullyIndexedByInfrastructureExtensions" : 0,
      "scanningTime" : 255078500,
      "timeProcessingUpToDateFiles" : 55599,
      "timeUpdatingContentLessIndexes" : 9999,
      "timeIndexingWithoutContent" : 0
    }, {
      "providerName" : "Library Gradle: org.lwjgl.lwjgl:lwjgl_util:2.9.4-nightly-20150209",
      "numberOfScannedFiles" : 205,
      "numberOfSkippedFiles" : 0,
      "numberOfFilesForIndexing" : 0,
      "numberOfFilesFullyIndexedByInfrastructureExtensions" : 0,
      "scanningTime" : 252308798,
      "timeProcessingUpToDateFiles" : 36912071,
      "timeUpdatingContentLessIndexes" : 733392,
      "timeIndexingWithoutContent" : 0
    }, {
      "providerName" : "Library Gradle: net.minecraft:launchwrapper:1.12",
      "numberOfScannedFiles" : 37,
      "numberOfSkippedFiles" : 0,
      "numberOfFilesForIndexing" : 0,
      "numberOfFilesFullyIndexedByInfrastructureExtensions" : 0,
      "scanningTime" : 242249904,
      "timeProcessingUpToDateFiles" : 21411791,
      "timeUpdatingContentLessIndexes" : 293102,
      "timeIndexingWithoutContent" : 0
    }, {
      "providerName" : "Library Gradle: com.google.code.gson:gson:2.8.0",
      "numberOfScannedFiles" : 245,
      "numberOfSkippedFiles" : 0,
      "numberOfFilesForIndexing" : 0,
      "numberOfFilesFullyIndexedByInfrastructureExtensions" : 0,
      "scanningTime" : 221643297,
      "timeProcessingUpToDateFiles" : 43910265,
      "timeUpdatingContentLessIndexes" : 967806,
      "timeIndexingWithoutContent" : 0
    }, {
      "providerName" : "Library Gradle: org.jline:jline:3.5.1",
      "numberOfScannedFiles" : 437,
      "numberOfSkippedFiles" : 0,
      "numberOfFilesForIndexing" : 0,
      "numberOfFilesFullyIndexedByInfrastructureExtensions" : 0,
      "scanningTime" : 214062093,
      "timeProcessingUpToDateFiles" : 77828615,
      "timeUpdatingContentLessIndexes" : 966102,
      "timeIndexingWithoutContent" : 0
    }, {
      "providerName" : "Library Gradle: org.apache.logging.log4j:log4j-api:2.8.1",
      "numberOfScannedFiles" : 269,
      "numberOfSkippedFiles" : 0,
      "numberOfFilesForIndexing" : 0,
      "numberOfFilesFullyIndexedByInfrastructureExtensions" : 0,
      "scanningTime" : 209218484,
      "timeProcessingUpToDateFiles" : 51385883,
      "timeUpdatingContentLessIndexes" : 643198,
      "timeIndexingWithoutContent" : 0
    }, {
      "providerName" : "Library Gradle: com.mojang:text2speech:1.10.3",
      "numberOfScannedFiles" : 20,
      "numberOfSkippedFiles" : 0,
      "numberOfFilesForIndexing" : 0,
      "numberOfFilesFullyIndexedByInfrastructureExtensions" : 0,
      "scanningTime" : 174824301,
      "timeProcessingUpToDateFiles" : 16022301,
      "timeUpdatingContentLessIndexes" : 323401,
      "timeIndexingWithoutContent" : 0
    }, {
      "providerName" : "Library Gradle: org.ow2.asm:asm-debug-all:5.2",
      "numberOfScannedFiles" : 322,
      "numberOfSkippedFiles" : 0,
      "numberOfFilesForIndexing" : 0,
      "numberOfFilesFullyIndexedByInfrastructureExtensions" : 0,
      "scanningTime" : 172405503,
      "timeProcessingUpToDateFiles" : 58659782,
      "timeUpdatingContentLessIndexes" : 707406,
      "timeIndexingWithoutContent" : 0
    }, {
      "providerName" : "Library Gradle: org.scala-lang.modules:scala-parser-combinators_2.11:1.0.1",
      "numberOfScannedFiles" : 375,
      "numberOfSkippedFiles" : 0,
      "numberOfFilesForIndexing" : 0,
      "numberOfFilesFullyIndexedByInfrastructureExtensions" : 0,
      "scanningTime" : 170723600,
      "timeProcessingUpToDateFiles" : 57434600,
      "timeUpdatingContentLessIndexes" : 919400,
      "timeIndexingWithoutContent" : 0
    }, {
      "providerName" : "Module 'ModernIndustry.main'",
      "numberOfScannedFiles" : 511,
      "numberOfSkippedFiles" : 0,
      "numberOfFilesForIndexing" : 0,
      "numberOfFilesFullyIndexedByInfrastructureExtensions" : 0,
      "scanningTime" : 157827800,
      "timeProcessingUpToDateFiles" : 44015900,
      "timeUpdatingContentLessIndexes" : 1898800,
      "timeIndexingWithoutContent" : 0
    }, {
      "providerName" : "Library Gradle: org.scala-lang.modules:scala-xml_2.11:1.0.2",
      "numberOfScannedFiles" : 508,
      "numberOfSkippedFiles" : 0,
      "numberOfFilesForIndexing" : 0,
      "numberOfFilesFullyIndexedByInfrastructureExtensions" : 0,
      "scanningTime" : 149397400,
      "timeProcessingUpToDateFiles" : 77739500,
      "timeUpdatingContentLessIndexes" : 1319400,
      "timeIndexingWithoutContent" : 0
    }, {
      "providerName" : "Library Gradle: com.typesafe:config:1.2.1",
      "numberOfScannedFiles" : 203,
      "numberOfSkippedFiles" : 0,
      "numberOfFilesForIndexing" : 0,
      "numberOfFilesFullyIndexedByInfrastructureExtensions" : 0,
      "scanningTime" : 140649702,
      "timeProcessingUpToDateFiles" : 35425295,
      "timeUpdatingContentLessIndexes" : 661096,
      "timeIndexingWithoutContent" : 0
    }, {
      "providerName" : "Library Gradle: org.apache.commons:commons-compress:1.8.1",
      "numberOfScannedFiles" : 360,
      "numberOfSkippedFiles" : 0,
      "numberOfFilesForIndexing" : 0,
      "numberOfFilesFullyIndexedByInfrastructureExtensions" : 0,
      "scanningTime" : 139033198,
      "timeProcessingUpToDateFiles" : 65845223,
      "timeUpdatingContentLessIndexes" : 1382084,
      "timeIndexingWithoutContent" : 0
    }, {
      "providerName" : "Library Gradle: java3d:vecmath:1.5.2",
      "numberOfScannedFiles" : 105,
      "numberOfSkippedFiles" : 0,
      "numberOfFilesForIndexing" : 0,
      "numberOfFilesFullyIndexedByInfrastructureExtensions" : 0,
      "scanningTime" : 130405000,
      "timeProcessingUpToDateFiles" : 14346000,
      "timeUpdatingContentLessIndexes" : 221800,
      "timeIndexingWithoutContent" : 0
    }, {
      "providerName" : "Library Gradle: org.codehaus.plexus:plexus-utils:3.1.0",
      "numberOfScannedFiles" : 201,
      "numberOfSkippedFiles" : 0,
      "numberOfFilesForIndexing" : 0,
      "numberOfFilesFullyIndexedByInfrastructureExtensions" : 0,
      "scanningTime" : 118305800,
      "timeProcessingUpToDateFiles" : 46507800,
      "timeUpdatingContentLessIndexes" : 357000,
      "timeIndexingWithoutContent" : 0
    }, {
      "providerName" : "Library Gradle: org.scala-lang:scala-actors:2.11.0",
      "numberOfScannedFiles" : 417,
      "numberOfSkippedFiles" : 0,
      "numberOfFilesForIndexing" : 0,
      "numberOfFilesFullyIndexedByInfrastructureExtensions" : 0,
      "scanningTime" : 105819200,
      "timeProcessingUpToDateFiles" : 46010300,
      "timeUpdatingContentLessIndexes" : 839500,
      "timeIndexingWithoutContent" : 0
    }, {
      "providerName" : "Library Gradle: ca.weblite:java-objc-bridge:1.0.0",
      "numberOfScannedFiles" : 50,
      "numberOfSkippedFiles" : 0,
      "numberOfFilesForIndexing" : 0,
      "numberOfFilesFullyIndexedByInfrastructureExtensions" : 0,
      "scanningTime" : 103571400,
      "timeProcessingUpToDateFiles" : 7085200,
      "timeUpdatingContentLessIndexes" : 107200,
      "timeIndexingWithoutContent" : 0
    }, {
      "providerName" : "Library Gradle: org.scala-lang.plugins:scala-continuations-plugin_2.11.1:1.0.2",
      "numberOfScannedFiles" : 144,
      "numberOfSkippedFiles" : 0,
      "numberOfFilesForIndexing" : 0,
      "numberOfFilesFullyIndexedByInfrastructureExtensions" : 0,
      "scanningTime" : 94834600,
      "timeProcessingUpToDateFiles" : 24569300,
      "timeUpdatingContentLessIndexes" : 274900,
      "timeIndexingWithoutContent" : 0
    }, {
      "providerName" : "Library Gradle: net.java.jutils:jutils:1.0.0",
      "numberOfScannedFiles" : 12,
      "numberOfSkippedFiles" : 0,
      "numberOfFilesForIndexing" : 0,
      "numberOfFilesFullyIndexedByInfrastructureExtensions" : 0,
      "scanningTime" : 64929297,
      "timeProcessingUpToDateFiles" : 1756698,
      "timeUpdatingContentLessIndexes" : 43399,
      "timeIndexingWithoutContent" : 0
    }, {
      "providerName" : "Indexable set contributor 'com.intellij.javaee.ExternalResourcesRootsProvider@a6e71f3' (non-project)",
      "numberOfScannedFiles" : 217,
      "numberOfSkippedFiles" : 4,
      "numberOfFilesForIndexing" : 0,
      "numberOfFilesFullyIndexedByInfrastructureExtensions" : 0,
      "scanningTime" : 61610900,
      "timeProcessingUpToDateFiles" : 19681300,
      "timeUpdatingContentLessIndexes" : 419300,
      "timeIndexingWithoutContent" : 0
    }, {
      "providerName" : "Library providedDummy.jar",
      "numberOfScannedFiles" : 1,
      "numberOfSkippedFiles" : 0,
      "numberOfFilesForIndexing" : 0,
      "numberOfFilesFullyIndexedByInfrastructureExtensions" : 0,
      "scanningTime" : 53633900,
      "timeProcessingUpToDateFiles" : 100699,
      "timeUpdatingContentLessIndexes" : 7500,
      "timeIndexingWithoutContent" : 0
    }, {
      "providerName" : "Library Gradle: com.mojang:patchy:1.1",
      "numberOfScannedFiles" : 12,
      "numberOfSkippedFiles" : 0,
      "numberOfFilesForIndexing" : 0,
      "numberOfFilesFullyIndexedByInfrastructureExtensions" : 0,
      "scanningTime" : 52859602,
      "timeProcessingUpToDateFiles" : 8083211,
      "timeUpdatingContentLessIndexes" : 124502,
      "timeIndexingWithoutContent" : 0
    }, {
      "providerName" : "Library Gradle: com.paulscode:soundsystem:20120107",
      "numberOfScannedFiles" : 45,
      "numberOfSkippedFiles" : 0,
      "numberOfFilesForIndexing" : 0,
      "numberOfFilesFullyIndexedByInfrastructureExtensions" : 0,
      "scanningTime" : 39619000,
      "timeProcessingUpToDateFiles" : 6134200,
      "timeUpdatingContentLessIndexes" : 104700,
      "timeIndexingWithoutContent" : 0
    }, {
      "providerName" : "Module 'ModernIndustry'",
      "numberOfScannedFiles" : 20,
      "numberOfSkippedFiles" : 0,
      "numberOfFilesForIndexing" : 0,
      "numberOfFilesFullyIndexedByInfrastructureExtensions" : 0,
      "scanningTime" : 23718900,
      "timeProcessingUpToDateFiles" : 1181700,
      "timeUpdatingContentLessIndexes" : 15783600,
      "timeIndexingWithoutContent" : 0
    }, {
      "providerName" : "Library Gradle: com.paulscode:codecjorbis:20101023",
      "numberOfScannedFiles" : 89,
      "numberOfSkippedFiles" : 0,
      "numberOfFilesForIndexing" : 0,
      "numberOfFilesFullyIndexedByInfrastructureExtensions" : 0,
      "scanningTime" : 18590600,
      "timeProcessingUpToDateFiles" : 14549200,
      "timeUpdatingContentLessIndexes" : 210200,
      "timeIndexingWithoutContent" : 0
    }, {
      "providerName" : "Library Gradle: commons-logging:commons-logging:1.1.3",
      "numberOfScannedFiles" : 53,
      "numberOfSkippedFiles" : 0,
      "numberOfFilesForIndexing" : 0,
      "numberOfFilesFullyIndexedByInfrastructureExtensions" : 0,
      "scanningTime" : 15739497,
      "timeProcessingUpToDateFiles" : 11224121,
      "timeUpdatingContentLessIndexes" : 224205,
      "timeIndexingWithoutContent" : 0
    }, {
      "providerName" : "Library Gradle: org.scala-lang:scala-actors-migration_2.11:1.1.0",
      "numberOfScannedFiles" : 44,
      "numberOfSkippedFiles" : 0,
      "numberOfFilesForIndexing" : 0,
      "numberOfFilesFullyIndexedByInfrastructureExtensions" : 0,
      "scanningTime" : 8245200,
      "timeProcessingUpToDateFiles" : 6196800,
      "timeUpdatingContentLessIndexes" : 68900,
      "timeIndexingWithoutContent" : 0
    }, {
      "providerName" : "Library Gradle: org.scala-lang.plugins:scala-continuations-library_2.11:1.0.2",
      "numberOfScannedFiles" : 29,
      "numberOfSkippedFiles" : 0,
      "numberOfFilesForIndexing" : 0,
      "numberOfFilesFullyIndexedByInfrastructureExtensions" : 0,
      "scanningTime" : 6093600,
      "timeProcessingUpToDateFiles" : 4690700,
      "timeUpdatingContentLessIndexes" : 49700,
      "timeIndexingWithoutContent" : 0
    }, {
      "providerName" : "Library start",
      "numberOfScannedFiles" : 16,
      "numberOfSkippedFiles" : 0,
      "numberOfFilesForIndexing" : 0,
      "numberOfFilesFullyIndexedByInfrastructureExtensions" : 0,
      "scanningTime" : 3241600,
      "timeProcessingUpToDateFiles" : 1673800,
      "timeUpdatingContentLessIndexes" : 33000,
      "timeIndexingWithoutContent" : 0
    }, {
      "providerName" : "Library Gradle: com.paulscode:librarylwjglopenal:20100824",
      "numberOfScannedFiles" : 11,
      "numberOfSkippedFiles" : 0,
      "numberOfFilesForIndexing" : 0,
      "numberOfFilesFullyIndexedByInfrastructureExtensions" : 0,
      "scanningTime" : 2638802,
      "timeProcessingUpToDateFiles" : 1893501,
      "timeUpdatingContentLessIndexes" : 22901,
      "timeIndexingWithoutContent" : 0
    }, {
      "providerName" : "Library Gradle: com.paulscode:libraryjavasound:20101123",
      "numberOfScannedFiles" : 12,
      "numberOfSkippedFiles" : 0,
      "numberOfFilesForIndexing" : 0,
      "numberOfFilesFullyIndexedByInfrastructureExtensions" : 0,
      "scanningTime" : 2398100,
      "timeProcessingUpToDateFiles" : 1577900,
      "timeUpdatingContentLessIndexes" : 23700,
      "timeIndexingWithoutContent" : 0
    }, {
      "providerName" : "Indexable set contributor 'Scratches & Consoles' (non-project)",
      "numberOfScannedFiles" : 1,
      "numberOfSkippedFiles" : 0,
      "numberOfFilesForIndexing" : 0,
      "numberOfFilesFullyIndexedByInfrastructureExtensions" : 0,
      "scanningTime" : 1344400,
      "timeProcessingUpToDateFiles" : 93800,
      "timeUpdatingContentLessIndexes" : 4600,
      "timeIndexingWithoutContent" : 0
    }, {
      "providerName" : "Library Gradle: com.paulscode:codecwav:20101023",
      "numberOfScannedFiles" : 6,
      "numberOfSkippedFiles" : 0,
      "numberOfFilesForIndexing" : 0,
      "numberOfFilesFullyIndexedByInfrastructureExtensions" : 0,
      "scanningTime" : 1090300,
      "timeProcessingUpToDateFiles" : 753200,
      "timeUpdatingContentLessIndexes" : 14600,
      "timeIndexingWithoutContent" : 0
    }, {
      "providerName" : "Library Gradle: org.lwjgl.lwjgl:lwjgl-platform:natives-windows:2.9.4-nightly-20150209",
      "numberOfScannedFiles" : 5,
      "numberOfSkippedFiles" : 0,
      "numberOfFilesForIndexing" : 0,
      "numberOfFilesFullyIndexedByInfrastructureExtensions" : 0,
      "scanningTime" : 817700,
      "timeProcessingUpToDateFiles" : 524400,
      "timeUpdatingContentLessIndexes" : 9400,
      "timeIndexingWithoutContent" : 0
    }, {
      "providerName" : "Library Gradle: org.lwjgl.lwjgl:lwjgl-platform:natives-linux:2.9.4-nightly-20150209",
      "numberOfScannedFiles" : 5,
      "numberOfSkippedFiles" : 0,
      "numberOfFilesForIndexing" : 0,
      "numberOfFilesFullyIndexedByInfrastructureExtensions" : 0,
      "scanningTime" : 768200,
      "timeProcessingUpToDateFiles" : 592400,
      "timeUpdatingContentLessIndexes" : 7600,
      "timeIndexingWithoutContent" : 0
    }, {
      "providerName" : "Library Gradle: net.java.jinput:jinput-platform:natives-windows:2.0.5",
      "numberOfScannedFiles" : 5,
      "numberOfSkippedFiles" : 0,
      "numberOfFilesForIndexing" : 0,
      "numberOfFilesFullyIndexedByInfrastructureExtensions" : 0,
      "scanningTime" : 761400,
      "timeProcessingUpToDateFiles" : 602600,
      "timeUpdatingContentLessIndexes" : 9200,
      "timeIndexingWithoutContent" : 0
    }, {
      "providerName" : "Library Gradle: lzma:lzma:0.0.1",
      "numberOfScannedFiles" : 4,
      "numberOfSkippedFiles" : 0,
      "numberOfFilesForIndexing" : 0,
      "numberOfFilesFullyIndexedByInfrastructureExtensions" : 0,
      "scanningTime" : 712200,
      "timeProcessingUpToDateFiles" : 473800,
      "timeUpdatingContentLessIndexes" : 9800,
      "timeIndexingWithoutContent" : 0
    }, {
      "providerName" : "Library Gradle: org.lwjgl.lwjgl:lwjgl-platform:natives-osx:2.9.4-nightly-20150209",
      "numberOfScannedFiles" : 3,
      "numberOfSkippedFiles" : 0,
      "numberOfFilesForIndexing" : 0,
      "numberOfFilesFullyIndexedByInfrastructureExtensions" : 0,
      "scanningTime" : 456400,
      "timeProcessingUpToDateFiles" : 342600,
      "timeUpdatingContentLessIndexes" : 4800,
      "timeIndexingWithoutContent" : 0
    }, {
      "providerName" : "Library Gradle: net.java.jinput:jinput-platform:natives-linux:2.0.5",
      "numberOfScannedFiles" : 2,
      "numberOfSkippedFiles" : 0,
      "numberOfFilesForIndexing" : 0,
      "numberOfFilesFullyIndexedByInfrastructureExtensions" : 0,
      "scanningTime" : 297600,
      "timeProcessingUpToDateFiles" : 217200,
      "timeUpdatingContentLessIndexes" : 2800,
      "timeIndexingWithoutContent" : 0
    }, {
      "providerName" : "Library Gradle: net.java.jinput:jinput-platform:natives-osx:2.0.5",
      "numberOfScannedFiles" : 1,
      "numberOfSkippedFiles" : 0,
      "numberOfFilesForIndexing" : 0,
      "numberOfFilesFullyIndexedByInfrastructureExtensions" : 0,
      "scanningTime" : 136100,
      "timeProcessingUpToDateFiles" : 41900,
      "timeUpdatingContentLessIndexes" : 2000,
      "timeIndexingWithoutContent" : 0
    }, {
      "providerName" : "Library compileDummy.jar",
      "numberOfScannedFiles" : 0,
      "numberOfSkippedFiles" : 1,
      "numberOfFilesForIndexing" : 0,
      "numberOfFilesFullyIndexedByInfrastructureExtensions" : 0,
      "scanningTime" : 0,
      "timeProcessingUpToDateFiles" : 0,
      "timeUpdatingContentLessIndexes" : 0,
      "timeIndexingWithoutContent" : 0
    }, {
      "providerName" : "Library providedDummy.jar",
      "numberOfScannedFiles" : 0,
      "numberOfSkippedFiles" : 1,
      "numberOfFilesForIndexing" : 0,
      "numberOfFilesFullyIndexedByInfrastructureExtensions" : 0,
      "scanningTime" : 0,
      "timeProcessingUpToDateFiles" : 0,
      "timeUpdatingContentLessIndexes" : 0,
      "timeIndexingWithoutContent" : 0
    }, {
      "providerName" : "Library compileDummy.jar",
      "numberOfScannedFiles" : 0,
      "numberOfSkippedFiles" : 1,
      "numberOfFilesForIndexing" : 0,
      "numberOfFilesFullyIndexedByInfrastructureExtensions" : 0,
      "scanningTime" : 0,
      "timeProcessingUpToDateFiles" : 0,
      "timeUpdatingContentLessIndexes" : 0,
      "timeIndexingWithoutContent" : 0
    }, {
      "providerName" : "Library providedDummy.jar",
      "numberOfScannedFiles" : 0,
      "numberOfSkippedFiles" : 1,
      "numberOfFilesForIndexing" : 0,
      "numberOfFilesFullyIndexedByInfrastructureExtensions" : 0,
      "scanningTime" : 0,
      "timeProcessingUpToDateFiles" : 0,
      "timeUpdatingContentLessIndexes" : 0,
      "timeIndexingWithoutContent" : 0
    }, {
      "providerName" : "Indexable set contributor 'Scratches & Consoles' (project)",
      "numberOfScannedFiles" : 0,
      "numberOfSkippedFiles" : 0,
      "numberOfFilesForIndexing" : 0,
      "numberOfFilesFullyIndexedByInfrastructureExtensions" : 0,
      "scanningTime" : 0,
      "timeProcessingUpToDateFiles" : 0,
      "timeUpdatingContentLessIndexes" : 0,
      "timeIndexingWithoutContent" : 0
    }, {
      "providerName" : "Indexable set contributor 'com.intellij.javaee.ExternalResourcesRootsProvider@a6e71f3' (project)",
      "numberOfScannedFiles" : 0,
      "numberOfSkippedFiles" : 0,
      "numberOfFilesForIndexing" : 0,
      "numberOfFilesFullyIndexedByInfrastructureExtensions" : 0,
      "scanningTime" : 0,
      "timeProcessingUpToDateFiles" : 0,
      "timeUpdatingContentLessIndexes" : 0,
      "timeIndexingWithoutContent" : 0
    } ],
    "fileProviderStatistics" : [ ]
  }
}