{
  "appInfo" : {
    "build" : "212.5284.40",
    "buildDate" : "2021-09-14T05:29:58.194Z[UTC]",
    "productCode" : "IC",
    "generated" : "2021-10-11T13:32:08.8532345Z",
    "os" : "Windows 10 10.0",
    "runtime" : "JetBrains s.r.o. 11.0.12 11.0.12+7-b1504.28"
  },
  "runtimeInfo" : {
    "maxMemory" : 2147483648,
    "numberOfProcessors" : 16,
    "maxNumberOfIndexingThreads" : 4,
    "maxSizeOfFileForIntelliSense" : 2560000,
    "maxSizeOfFileForContentLoading" : 20971520
  },
  "projectIndexingHistory" : {
    "projectName" : "ModernIndustry",
    "times" : {
      "indexingReason" : "On project open",
      "totalUpdatingTime" : 3938849000,
      "indexingTime" : 0,
      "contentLoadingTime" : 0,
      "scanFilesTime" : 3879249800,
      "pushPropertiesTime" : 1001300,
      "indexExtensionsTime" : 0,
      "updatingStart" : "2021-10-11T13:32:04.9074171Z",
      "updatingEnd" : "2021-10-11T13:32:08.8492353Z",
      "totalSuspendedTime" : 0,
      "wasInterrupted" : false
    },
    "fileCount" : {
      "numberOfFileProviders" : 75,
      "numberOfScannedFiles" : 115042,
      "numberOfFilesIndexedByInfrastructureExtensionsDuringScan" : 0,
      "numberOfFilesScheduledForIndexingAfterScan" : 0,
      "numberOfFilesIndexedByInfrastructureExtensionsDuringIndexingStage" : 0,
      "numberOfFilesIndexedWithLoadingContent" : 0
    },
    "totalStatsPerFileType" : [ ],
    "totalStatsPerIndexer" : [ ],
    "scanningStatistics" : [ {
      "providerName" : "Library Gradle: net.minecraftforge:forgeSrc:1.12.2-14.23.5.2768",
      "numberOfScannedFiles" : 17085,
      "numberOfSkippedFiles" : 0,
      "numberOfFilesForIndexing" : 0,
      "numberOfFilesFullyIndexedByInfrastructureExtensions" : 0,
      "scanningTime" : 1785625400,
      "timeProcessingUpToDateFiles" : 698230600,
      "timeUpdatingContentLessIndexes" : 21960500,
      "timeIndexingWithoutContent" : 0
    }, {
      "providerName" : "JDK 1.8",
      "numberOfScannedFiles" : 43877,
      "numberOfSkippedFiles" : 0,
      "numberOfFilesForIndexing" : 0,
      "numberOfFilesFullyIndexedByInfrastructureExtensions" : 0,
      "scanningTime" : 1208038300,
      "timeProcessingUpToDateFiles" : 396854200,
      "timeUpdatingContentLessIndexes" : 30594200,
      "timeIndexingWithoutContent" : 0
    }, {
      "providerName" : "Library Gradle: io.netty:netty-all:4.1.9.Final",
      "numberOfScannedFiles" : 4083,
      "numberOfSkippedFiles" : 0,
      "numberOfFilesForIndexing" : 0,
      "numberOfFilesFullyIndexedByInfrastructureExtensions" : 0,
      "scanningTime" : 1176330100,
      "timeProcessingUpToDateFiles" : 578355500,
      "timeUpdatingContentLessIndexes" : 11601100,
      "timeIndexingWithoutContent" : 0
    }, {
      "providerName" : "Library Gradle: com.google.guava:guava:21.0",
      "numberOfScannedFiles" : 2378,
      "numberOfSkippedFiles" : 0,
      "numberOfFilesForIndexing" : 0,
      "numberOfFilesFullyIndexedByInfrastructureExtensions" : 0,
      "scanningTime" : 1074549600,
      "timeProcessingUpToDateFiles" : 521111300,
      "timeUpdatingContentLessIndexes" : 7076300,
      "timeIndexingWithoutContent" : 0
    }, {
      "providerName" : "Library Gradle: it.unimi.dsi:fastutil:7.1.0",
      "numberOfScannedFiles" : 12800,
      "numberOfSkippedFiles" : 0,
      "numberOfFilesForIndexing" : 0,
      "numberOfFilesFullyIndexedByInfrastructureExtensions" : 0,
      "scanningTime" : 1010653500,
      "timeProcessingUpToDateFiles" : 566288000,
      "timeUpdatingContentLessIndexes" : 20561800,
      "timeIndexingWithoutContent" : 0
    }, {
      "providerName" : "Library Gradle: org.scala-lang:scala-compiler:2.11.1",
      "numberOfScannedFiles" : 8708,
      "numberOfSkippedFiles" : 0,
      "numberOfFilesForIndexing" : 0,
      "numberOfFilesFullyIndexedByInfrastructureExtensions" : 0,
      "scanningTime" : 797294900,
      "timeProcessingUpToDateFiles" : 459418400,
      "timeUpdatingContentLessIndexes" : 14570200,
      "timeIndexingWithoutContent" : 0
    }, {
      "providerName" : "Library Gradle: com.ibm.icu:icu4j-core-mojang:51.2",
      "numberOfScannedFiles" : 1282,
      "numberOfSkippedFiles" : 0,
      "numberOfFilesForIndexing" : 0,
      "numberOfFilesFullyIndexedByInfrastructureExtensions" : 0,
      "scanningTime" : 782761100,
      "timeProcessingUpToDateFiles" : 305200300,
      "timeUpdatingContentLessIndexes" : 4168900,
      "timeIndexingWithoutContent" : 0
    }, {
      "providerName" : "Library Gradle: org.scala-lang:scala-library:2.11.1",
      "numberOfScannedFiles" : 4443,
      "numberOfSkippedFiles" : 0,
      "numberOfFilesForIndexing" : 0,
      "numberOfFilesFullyIndexedByInfrastructureExtensions" : 0,
      "scanningTime" : 629123800,
      "timeProcessingUpToDateFiles" : 427648300,
      "timeUpdatingContentLessIndexes" : 8693300,
      "timeIndexingWithoutContent" : 0
    }, {
      "providerName" : "Library Gradle: org.scala-lang:scala-reflect:2.11.1",
      "numberOfScannedFiles" : 2925,
      "numberOfSkippedFiles" : 0,
      "numberOfFilesForIndexing" : 0,
      "numberOfFilesFullyIndexedByInfrastructureExtensions" : 0,
      "scanningTime" : 622506300,
      "timeProcessingUpToDateFiles" : 427995600,
      "timeUpdatingContentLessIndexes" : 7200500,
      "timeIndexingWithoutContent" : 0
    }, {
      "providerName" : "Library Gradle: net.java.dev.jna:platform:3.4.0",
      "numberOfScannedFiles" : 561,
      "numberOfSkippedFiles" : 0,
      "numberOfFilesForIndexing" : 0,
      "numberOfFilesFullyIndexedByInfrastructureExtensions" : 0,
      "scanningTime" : 576590600,
      "timeProcessingUpToDateFiles" : 146796200,
      "timeUpdatingContentLessIndexes" : 2198500,
      "timeIndexingWithoutContent" : 0
    }, {
      "providerName" : "Library Gradle: net.sf.jopt-simple:jopt-simple:5.0.3",
      "numberOfScannedFiles" : 117,
      "numberOfSkippedFiles" : 0,
      "numberOfFilesForIndexing" : 0,
      "numberOfFilesFullyIndexedByInfrastructureExtensions" : 0,
      "scanningTime" : 543336900,
      "timeProcessingUpToDateFiles" : 51455200,
      "timeUpdatingContentLessIndexes" : 799400,
      "timeIndexingWithoutContent" : 0
    }, {
      "providerName" : "Library Gradle: com.typesafe.akka:akka-actor_2.11:2.3.3",
      "numberOfScannedFiles" : 1802,
      "numberOfSkippedFiles" : 0,
      "numberOfFilesForIndexing" : 0,
      "numberOfFilesFullyIndexedByInfrastructureExtensions" : 0,
      "scanningTime" : 504175900,
      "timeProcessingUpToDateFiles" : 344490900,
      "timeUpdatingContentLessIndexes" : 5231500,
      "timeIndexingWithoutContent" : 0
    }, {
      "providerName" : "Library Gradle: net.java.dev.jna:jna:4.4.0",
      "numberOfScannedFiles" : 184,
      "numberOfSkippedFiles" : 0,
      "numberOfFilesForIndexing" : 0,
      "numberOfFilesFullyIndexedByInfrastructureExtensions" : 0,
      "scanningTime" : 466968300,
      "timeProcessingUpToDateFiles" : 74012200,
      "timeUpdatingContentLessIndexes" : 650400,
      "timeIndexingWithoutContent" : 0
    }, {
      "providerName" : "Library Gradle: org.apache.logging.log4j:log4j-core:2.8.1",
      "numberOfScannedFiles" : 1559,
      "numberOfSkippedFiles" : 0,
      "numberOfFilesForIndexing" : 0,
      "numberOfFilesFullyIndexedByInfrastructureExtensions" : 0,
      "scanningTime" : 450499300,
      "timeProcessingUpToDateFiles" : 319725600,
      "timeUpdatingContentLessIndexes" : 4708500,
      "timeIndexingWithoutContent" : 0
    }, {
      "providerName" : "Library Gradle: com.mojang:authlib:1.5.25",
      "numberOfScannedFiles" : 106,
      "numberOfSkippedFiles" : 0,
      "numberOfFilesForIndexing" : 0,
      "numberOfFilesFullyIndexedByInfrastructureExtensions" : 0,
      "scanningTime" : 406448500,
      "timeProcessingUpToDateFiles" : 57447700,
      "timeUpdatingContentLessIndexes" : 475700,
      "timeIndexingWithoutContent" : 0
    }, {
      "providerName" : "Library Gradle: net.sf.trove4j:trove4j:3.0.3",
      "numberOfScannedFiles" : 2289,
      "numberOfSkippedFiles" : 0,
      "numberOfFilesForIndexing" : 0,
      "numberOfFilesFullyIndexedByInfrastructureExtensions" : 0,
      "scanningTime" : 405252600,
      "timeProcessingUpToDateFiles" : 261549200,
      "timeUpdatingContentLessIndexes" : 5883700,
      "timeIndexingWithoutContent" : 0
    }, {
      "providerName" : "Library Gradle: com.google.code.findbugs:jsr305:3.0.1",
      "numberOfScannedFiles" : 70,
      "numberOfSkippedFiles" : 0,
      "numberOfFilesForIndexing" : 0,
      "numberOfFilesFullyIndexedByInfrastructureExtensions" : 0,
      "scanningTime" : 398052700,
      "timeProcessingUpToDateFiles" : 42397100,
      "timeUpdatingContentLessIndexes" : 274300,
      "timeIndexingWithoutContent" : 0
    }, {
      "providerName" : "Library providedDummy.jar",
      "numberOfScannedFiles" : 1,
      "numberOfSkippedFiles" : 0,
      "numberOfFilesForIndexing" : 0,
      "numberOfFilesFullyIndexedByInfrastructureExtensions" : 0,
      "scanningTime" : 395042400,
      "timeProcessingUpToDateFiles" : 114400,
      "timeUpdatingContentLessIndexes" : 10000,
      "timeIndexingWithoutContent" : 0
    }, {
      "providerName" : "Library Gradle: org.lwjgl.lwjgl:lwjgl:2.9.4-nightly-20150209",
      "numberOfScannedFiles" : 1253,
      "numberOfSkippedFiles" : 0,
      "numberOfFilesForIndexing" : 0,
      "numberOfFilesFullyIndexedByInfrastructureExtensions" : 0,
      "scanningTime" : 387643300,
      "timeProcessingUpToDateFiles" : 268841100,
      "timeUpdatingContentLessIndexes" : 3909100,
      "timeIndexingWithoutContent" : 0
    }, {
      "providerName" : "Library Gradle: net.minecraft:launchwrapper:1.12",
      "numberOfScannedFiles" : 37,
      "numberOfSkippedFiles" : 0,
      "numberOfFilesForIndexing" : 0,
      "numberOfFilesFullyIndexedByInfrastructureExtensions" : 0,
      "scanningTime" : 325464000,
      "timeProcessingUpToDateFiles" : 32155100,
      "timeUpdatingContentLessIndexes" : 225800,
      "timeIndexingWithoutContent" : 0
    }, {
      "providerName" : "Library Gradle: org.apache.commons:commons-lang3:3.5",
      "numberOfScannedFiles" : 413,
      "numberOfSkippedFiles" : 0,
      "numberOfFilesForIndexing" : 0,
      "numberOfFilesFullyIndexedByInfrastructureExtensions" : 0,
      "scanningTime" : 297348800,
      "timeProcessingUpToDateFiles" : 104422300,
      "timeUpdatingContentLessIndexes" : 3772500,
      "timeIndexingWithoutContent" : 0
    }, {
      "providerName" : "Library Gradle: org.apache.httpcomponents:httpclient:4.3.3",
      "numberOfScannedFiles" : 825,
      "numberOfSkippedFiles" : 0,
      "numberOfFilesForIndexing" : 0,
      "numberOfFilesFullyIndexedByInfrastructureExtensions" : 0,
      "scanningTime" : 278578800,
      "timeProcessingUpToDateFiles" : 186818700,
      "timeUpdatingContentLessIndexes" : 4691100,
      "timeIndexingWithoutContent" : 0
    }, {
      "providerName" : "Library Gradle: oshi-project:oshi-core:1.1",
      "numberOfScannedFiles" : 57,
      "numberOfSkippedFiles" : 0,
      "numberOfFilesForIndexing" : 0,
      "numberOfFilesFullyIndexedByInfrastructureExtensions" : 0,
      "scanningTime" : 266275400,
      "timeProcessingUpToDateFiles" : 35515600,
      "timeUpdatingContentLessIndexes" : 308500,
      "timeIndexingWithoutContent" : 0
    }, {
      "providerName" : "Library Gradle: commons-io:commons-io:2.5",
      "numberOfScannedFiles" : 254,
      "numberOfSkippedFiles" : 0,
      "numberOfFilesForIndexing" : 0,
      "numberOfFilesFullyIndexedByInfrastructureExtensions" : 0,
      "scanningTime" : 229885800,
      "timeProcessingUpToDateFiles" : 77308700,
      "timeUpdatingContentLessIndexes" : 988600,
      "timeIndexingWithoutContent" : 0
    }, {
      "providerName" : "Library Gradle: org.spongepowered:mixin:0.8-SNAPSHOT",
      "numberOfScannedFiles" : 882,
      "numberOfSkippedFiles" : 0,
      "numberOfFilesForIndexing" : 0,
      "numberOfFilesFullyIndexedByInfrastructureExtensions" : 0,
      "scanningTime" : 202183000,
      "timeProcessingUpToDateFiles" : 149964600,
      "timeUpdatingContentLessIndexes" : 2449300,
      "timeIndexingWithoutContent" : 0
    }, {
      "providerName" : "Library Gradle: org.apache.maven:maven-artifact:3.5.3",
      "numberOfScannedFiles" : 71,
      "numberOfSkippedFiles" : 0,
      "numberOfFilesForIndexing" : 0,
      "numberOfFilesFullyIndexedByInfrastructureExtensions" : 0,
      "scanningTime" : 194389900,
      "timeProcessingUpToDateFiles" : 42152900,
      "timeUpdatingContentLessIndexes" : 2556100,
      "timeIndexingWithoutContent" : 0
    }, {
      "providerName" : "Module 'ModernIndustry.main'",
      "numberOfScannedFiles" : 511,
      "numberOfSkippedFiles" : 0,
      "numberOfFilesForIndexing" : 0,
      "numberOfFilesFullyIndexedByInfrastructureExtensions" : 0,
      "scanningTime" : 177044200,
      "timeProcessingUpToDateFiles" : 88999000,
      "timeUpdatingContentLessIndexes" : 1427000,
      "timeIndexingWithoutContent" : 0
    }, {
      "providerName" : "Library Gradle: com.mojang:text2speech:1.10.3",
      "numberOfScannedFiles" : 20,
      "numberOfSkippedFiles" : 0,
      "numberOfFilesForIndexing" : 0,
      "numberOfFilesFullyIndexedByInfrastructureExtensions" : 0,
      "scanningTime" : 165984300,
      "timeProcessingUpToDateFiles" : 15136900,
      "timeUpdatingContentLessIndexes" : 134600,
      "timeIndexingWithoutContent" : 0
    }, {
      "providerName" : "Library Gradle: org.apache.httpcomponents:httpcore:4.3.2",
      "numberOfScannedFiles" : 483,
      "numberOfSkippedFiles" : 0,
      "numberOfFilesForIndexing" : 0,
      "numberOfFilesFullyIndexedByInfrastructureExtensions" : 0,
      "scanningTime" : 165099600,
      "timeProcessingUpToDateFiles" : 104976700,
      "timeUpdatingContentLessIndexes" : 1461600,
      "timeIndexingWithoutContent" : 0
    }, {
      "providerName" : "Library Gradle: org.jline:jline:3.5.1",
      "numberOfScannedFiles" : 437,
      "numberOfSkippedFiles" : 0,
      "numberOfFilesForIndexing" : 0,
      "numberOfFilesFullyIndexedByInfrastructureExtensions" : 0,
      "scanningTime" : 153773800,
      "timeProcessingUpToDateFiles" : 99701400,
      "timeUpdatingContentLessIndexes" : 1305700,
      "timeIndexingWithoutContent" : 0
    }, {
      "providerName" : "Library Gradle: org.scala-lang.modules:scala-swing_2.11:1.0.1",
      "numberOfScannedFiles" : 581,
      "numberOfSkippedFiles" : 0,
      "numberOfFilesForIndexing" : 0,
      "numberOfFilesFullyIndexedByInfrastructureExtensions" : 0,
      "scanningTime" : 149809900,
      "timeProcessingUpToDateFiles" : 109864400,
      "timeUpdatingContentLessIndexes" : 1814200,
      "timeIndexingWithoutContent" : 0
    }, {
      "providerName" : "Library Gradle: commons-codec:commons-codec:1.10",
      "numberOfScannedFiles" : 423,
      "numberOfSkippedFiles" : 0,
      "numberOfFilesForIndexing" : 0,
      "numberOfFilesFullyIndexedByInfrastructureExtensions" : 0,
      "scanningTime" : 132188400,
      "timeProcessingUpToDateFiles" : 86772500,
      "timeUpdatingContentLessIndexes" : 1607300,
      "timeIndexingWithoutContent" : 0
    }, {
      "providerName" : "Library Gradle: org.scala-lang.modules:scala-xml_2.11:1.0.2",
      "numberOfScannedFiles" : 508,
      "numberOfSkippedFiles" : 0,
      "numberOfFilesForIndexing" : 0,
      "numberOfFilesFullyIndexedByInfrastructureExtensions" : 0,
      "scanningTime" : 131966000,
      "timeProcessingUpToDateFiles" : 94144900,
      "timeUpdatingContentLessIndexes" : 1567300,
      "timeIndexingWithoutContent" : 0
    }, {
      "providerName" : "Library Gradle: com.mojang:patchy:1.1",
      "numberOfScannedFiles" : 12,
      "numberOfSkippedFiles" : 0,
      "numberOfFilesForIndexing" : 0,
      "numberOfFilesFullyIndexedByInfrastructureExtensions" : 0,
      "scanningTime" : 128449700,
      "timeProcessingUpToDateFiles" : 6861600,
      "timeUpdatingContentLessIndexes" : 125100,
      "timeIndexingWithoutContent" : 0
    }, {
      "providerName" : "Library Gradle: org.scala-lang:scala-actors:2.11.0",
      "numberOfScannedFiles" : 417,
      "numberOfSkippedFiles" : 0,
      "numberOfFilesForIndexing" : 0,
      "numberOfFilesFullyIndexedByInfrastructureExtensions" : 0,
      "scanningTime" : 127236300,
      "timeProcessingUpToDateFiles" : 92307600,
      "timeUpdatingContentLessIndexes" : 4973200,
      "timeIndexingWithoutContent" : 0
    }, {
      "providerName" : "Library Gradle: com.mojang:realms:1.10.22",
      "numberOfScannedFiles" : 226,
      "numberOfSkippedFiles" : 0,
      "numberOfFilesForIndexing" : 0,
      "numberOfFilesFullyIndexedByInfrastructureExtensions" : 0,
      "scanningTime" : 122729600,
      "timeProcessingUpToDateFiles" : 49685800,
      "timeUpdatingContentLessIndexes" : 825700,
      "timeIndexingWithoutContent" : 0
    }, {
      "providerName" : "Library Gradle: org.ow2.asm:asm-debug-all:5.2",
      "numberOfScannedFiles" : 322,
      "numberOfSkippedFiles" : 0,
      "numberOfFilesForIndexing" : 0,
      "numberOfFilesFullyIndexedByInfrastructureExtensions" : 0,
      "scanningTime" : 117177100,
      "timeProcessingUpToDateFiles" : 75845000,
      "timeUpdatingContentLessIndexes" : 971200,
      "timeIndexingWithoutContent" : 0
    }, {
      "providerName" : "Library Gradle: net.java.jinput:jinput:2.0.5",
      "numberOfScannedFiles" : 302,
      "numberOfSkippedFiles" : 0,
      "numberOfFilesForIndexing" : 0,
      "numberOfFilesFullyIndexedByInfrastructureExtensions" : 0,
      "scanningTime" : 103107700,
      "timeProcessingUpToDateFiles" : 64907400,
      "timeUpdatingContentLessIndexes" : 980200,
      "timeIndexingWithoutContent" : 0
    }, {
      "providerName" : "Library Gradle: org.scala-lang.modules:scala-parser-combinators_2.11:1.0.1",
      "numberOfScannedFiles" : 375,
      "numberOfSkippedFiles" : 0,
      "numberOfFilesForIndexing" : 0,
      "numberOfFilesFullyIndexedByInfrastructureExtensions" : 0,
      "scanningTime" : 98952800,
      "timeProcessingUpToDateFiles" : 72675400,
      "timeUpdatingContentLessIndexes" : 1158600,
      "timeIndexingWithoutContent" : 0
    }, {
      "providerName" : "Library compileDummy.jar",
      "numberOfScannedFiles" : 1,
      "numberOfSkippedFiles" : 0,
      "numberOfFilesForIndexing" : 0,
      "numberOfFilesFullyIndexedByInfrastructureExtensions" : 0,
      "scanningTime" : 97877100,
      "timeProcessingUpToDateFiles" : 1430600,
      "timeUpdatingContentLessIndexes" : 13300,
      "timeIndexingWithoutContent" : 0
    }, {
      "providerName" : "Library Gradle: org.apache.logging.log4j:log4j-api:2.8.1",
      "numberOfScannedFiles" : 269,
      "numberOfSkippedFiles" : 0,
      "numberOfFilesForIndexing" : 0,
      "numberOfFilesFullyIndexedByInfrastructureExtensions" : 0,
      "scanningTime" : 97748600,
      "timeProcessingUpToDateFiles" : 66088300,
      "timeUpdatingContentLessIndexes" : 777100,
      "timeIndexingWithoutContent" : 0
    }, {
      "providerName" : "Library Gradle: org.apache.commons:commons-compress:1.8.1",
      "numberOfScannedFiles" : 360,
      "numberOfSkippedFiles" : 0,
      "numberOfFilesForIndexing" : 0,
      "numberOfFilesFullyIndexedByInfrastructureExtensions" : 0,
      "scanningTime" : 88776200,
      "timeProcessingUpToDateFiles" : 55630600,
      "timeUpdatingContentLessIndexes" : 1025600,
      "timeIndexingWithoutContent" : 0
    }, {
      "providerName" : "Library Gradle: org.codehaus.plexus:plexus-utils:3.1.0",
      "numberOfScannedFiles" : 201,
      "numberOfSkippedFiles" : 0,
      "numberOfFilesForIndexing" : 0,
      "numberOfFilesFullyIndexedByInfrastructureExtensions" : 0,
      "scanningTime" : 85973100,
      "timeProcessingUpToDateFiles" : 71313800,
      "timeUpdatingContentLessIndexes" : 498300,
      "timeIndexingWithoutContent" : 0
    }, {
      "providerName" : "Library Gradle: com.typesafe:config:1.2.1",
      "numberOfScannedFiles" : 203,
      "numberOfSkippedFiles" : 0,
      "numberOfFilesForIndexing" : 0,
      "numberOfFilesFullyIndexedByInfrastructureExtensions" : 0,
      "scanningTime" : 81951700,
      "timeProcessingUpToDateFiles" : 50216100,
      "timeUpdatingContentLessIndexes" : 610000,
      "timeIndexingWithoutContent" : 0
    }, {
      "providerName" : "Library Gradle: com.google.code.gson:gson:2.8.0",
      "numberOfScannedFiles" : 245,
      "numberOfSkippedFiles" : 0,
      "numberOfFilesForIndexing" : 0,
      "numberOfFilesFullyIndexedByInfrastructureExtensions" : 0,
      "scanningTime" : 73057400,
      "timeProcessingUpToDateFiles" : 47961600,
      "timeUpdatingContentLessIndexes" : 3358200,
      "timeIndexingWithoutContent" : 0
    }, {
      "providerName" : "Library Gradle: org.lwjgl.lwjgl:lwjgl_util:2.9.4-nightly-20150209",
      "numberOfScannedFiles" : 205,
      "numberOfSkippedFiles" : 0,
      "numberOfFilesForIndexing" : 0,
      "numberOfFilesFullyIndexedByInfrastructureExtensions" : 0,
      "scanningTime" : 70320800,
      "timeProcessingUpToDateFiles" : 51909600,
      "timeUpdatingContentLessIndexes" : 715000,
      "timeIndexingWithoutContent" : 0
    }, {
      "providerName" : "Module 'ModernIndustry'",
      "numberOfScannedFiles" : 20,
      "numberOfSkippedFiles" : 0,
      "numberOfFilesForIndexing" : 0,
      "numberOfFilesFullyIndexedByInfrastructureExtensions" : 0,
      "scanningTime" : 42481000,
      "timeProcessingUpToDateFiles" : 1441300,
      "timeUpdatingContentLessIndexes" : 18185500,
      "timeIndexingWithoutContent" : 0
    }, {
      "providerName" : "Indexable set contributor 'com.intellij.javaee.ExternalResourcesRootsProvider@2b425029' (non-project)",
      "numberOfScannedFiles" : 217,
      "numberOfSkippedFiles" : 4,
      "numberOfFilesForIndexing" : 0,
      "numberOfFilesFullyIndexedByInfrastructureExtensions" : 0,
      "scanningTime" : 41213700,
      "timeProcessingUpToDateFiles" : 28558100,
      "timeUpdatingContentLessIndexes" : 610100,
      "timeIndexingWithoutContent" : 0
    }, {
      "providerName" : "Library Gradle: org.scala-lang.plugins:scala-continuations-plugin_2.11.1:1.0.2",
      "numberOfScannedFiles" : 144,
      "numberOfSkippedFiles" : 0,
      "numberOfFilesForIndexing" : 0,
      "numberOfFilesFullyIndexedByInfrastructureExtensions" : 0,
      "scanningTime" : 38953200,
      "timeProcessingUpToDateFiles" : 29367400,
      "timeUpdatingContentLessIndexes" : 416200,
      "timeIndexingWithoutContent" : 0
    }, {
      "providerName" : "Library Gradle: org.scala-lang:scala-actors-migration_2.11:1.1.0",
      "numberOfScannedFiles" : 44,
      "numberOfSkippedFiles" : 0,
      "numberOfFilesForIndexing" : 0,
      "numberOfFilesFullyIndexedByInfrastructureExtensions" : 0,
      "scanningTime" : 28311000,
      "timeProcessingUpToDateFiles" : 8741100,
      "timeUpdatingContentLessIndexes" : 138200,
      "timeIndexingWithoutContent" : 0
    }, {
      "providerName" : "Library Gradle: java3d:vecmath:1.5.2",
      "numberOfScannedFiles" : 105,
      "numberOfSkippedFiles" : 0,
      "numberOfFilesForIndexing" : 0,
      "numberOfFilesFullyIndexedByInfrastructureExtensions" : 0,
      "scanningTime" : 24584300,
      "timeProcessingUpToDateFiles" : 16852700,
      "timeUpdatingContentLessIndexes" : 284000,
      "timeIndexingWithoutContent" : 0
    }, {
      "providerName" : "Library Gradle: com.paulscode:codecjorbis:20101023",
      "numberOfScannedFiles" : 89,
      "numberOfSkippedFiles" : 0,
      "numberOfFilesForIndexing" : 0,
      "numberOfFilesFullyIndexedByInfrastructureExtensions" : 0,
      "scanningTime" : 24428700,
      "timeProcessingUpToDateFiles" : 18445800,
      "timeUpdatingContentLessIndexes" : 269500,
      "timeIndexingWithoutContent" : 0
    }, {
      "providerName" : "Library start",
      "numberOfScannedFiles" : 16,
      "numberOfSkippedFiles" : 0,
      "numberOfFilesForIndexing" : 0,
      "numberOfFilesFullyIndexedByInfrastructureExtensions" : 0,
      "scanningTime" : 23549200,
      "timeProcessingUpToDateFiles" : 3837400,
      "timeUpdatingContentLessIndexes" : 34300,
      "timeIndexingWithoutContent" : 0
    }, {
      "providerName" : "Library Gradle: commons-logging:commons-logging:1.1.3",
      "numberOfScannedFiles" : 53,
      "numberOfSkippedFiles" : 0,
      "numberOfFilesForIndexing" : 0,
      "numberOfFilesFullyIndexedByInfrastructureExtensions" : 0,
      "scanningTime" : 14747500,
      "timeProcessingUpToDateFiles" : 9268200,
      "timeUpdatingContentLessIndexes" : 255600,
      "timeIndexingWithoutContent" : 0
    }, {
      "providerName" : "Library Gradle: ca.weblite:java-objc-bridge:1.0.0",
      "numberOfScannedFiles" : 50,
      "numberOfSkippedFiles" : 0,
      "numberOfFilesForIndexing" : 0,
      "numberOfFilesFullyIndexedByInfrastructureExtensions" : 0,
      "scanningTime" : 11432800,
      "timeProcessingUpToDateFiles" : 8425700,
      "timeUpdatingContentLessIndexes" : 136400,
      "timeIndexingWithoutContent" : 0
    }, {
      "providerName" : "Library Gradle: com.paulscode:soundsystem:20120107",
      "numberOfScannedFiles" : 45,
      "numberOfSkippedFiles" : 0,
      "numberOfFilesForIndexing" : 0,
      "numberOfFilesFullyIndexedByInfrastructureExtensions" : 0,
      "scanningTime" : 10780300,
      "timeProcessingUpToDateFiles" : 7647200,
      "timeUpdatingContentLessIndexes" : 119100,
      "timeIndexingWithoutContent" : 0
    }, {
      "providerName" : "Library Gradle: org.scala-lang.plugins:scala-continuations-library_2.11:1.0.2",
      "numberOfScannedFiles" : 29,
      "numberOfSkippedFiles" : 0,
      "numberOfFilesForIndexing" : 0,
      "numberOfFilesFullyIndexedByInfrastructureExtensions" : 0,
      "scanningTime" : 7339200,
      "timeProcessingUpToDateFiles" : 5418200,
      "timeUpdatingContentLessIndexes" : 81100,
      "timeIndexingWithoutContent" : 0
    }, {
      "providerName" : "Library Gradle: net.java.jutils:jutils:1.0.0",
      "numberOfScannedFiles" : 12,
      "numberOfSkippedFiles" : 0,
      "numberOfFilesForIndexing" : 0,
      "numberOfFilesFullyIndexedByInfrastructureExtensions" : 0,
      "scanningTime" : 5097700,
      "timeProcessingUpToDateFiles" : 4063700,
      "timeUpdatingContentLessIndexes" : 38600,
      "timeIndexingWithoutContent" : 0
    }, {
      "providerName" : "Library Gradle: com.paulscode:libraryjavasound:20101123",
      "numberOfScannedFiles" : 12,
      "numberOfSkippedFiles" : 0,
      "numberOfFilesForIndexing" : 0,
      "numberOfFilesFullyIndexedByInfrastructureExtensions" : 0,
      "scanningTime" : 4829000,
      "timeProcessingUpToDateFiles" : 3891600,
      "timeUpdatingContentLessIndexes" : 34400,
      "timeIndexingWithoutContent" : 0
    }, {
      "providerName" : "Library Gradle: com.paulscode:librarylwjglopenal:20100824",
      "numberOfScannedFiles" : 11,
      "numberOfSkippedFiles" : 0,
      "numberOfFilesForIndexing" : 0,
      "numberOfFilesFullyIndexedByInfrastructureExtensions" : 0,
      "scanningTime" : 4480900,
      "timeProcessingUpToDateFiles" : 2951400,
      "timeUpdatingContentLessIndexes" : 25200,
      "timeIndexingWithoutContent" : 0
    }, {
      "providerName" : "Library Gradle: com.paulscode:codecwav:20101023",
      "numberOfScannedFiles" : 6,
      "numberOfSkippedFiles" : 0,
      "numberOfFilesForIndexing" : 0,
      "numberOfFilesFullyIndexedByInfrastructureExtensions" : 0,
      "scanningTime" : 1645300,
      "timeProcessingUpToDateFiles" : 1176100,
      "timeUpdatingContentLessIndexes" : 17100,
      "timeIndexingWithoutContent" : 0
    }, {
      "providerName" : "Indexable set contributor 'Scratches & Consoles' (non-project)",
      "numberOfScannedFiles" : 1,
      "numberOfSkippedFiles" : 0,
      "numberOfFilesForIndexing" : 0,
      "numberOfFilesFullyIndexedByInfrastructureExtensions" : 0,
      "scanningTime" : 1396200,
      "timeProcessingUpToDateFiles" : 127500,
      "timeUpdatingContentLessIndexes" : 2400,
      "timeIndexingWithoutContent" : 0
    }, {
      "providerName" : "Library Gradle: lzma:lzma:0.0.1",
      "numberOfScannedFiles" : 4,
      "numberOfSkippedFiles" : 0,
      "numberOfFilesForIndexing" : 0,
      "numberOfFilesFullyIndexedByInfrastructureExtensions" : 0,
      "scanningTime" : 901600,
      "timeProcessingUpToDateFiles" : 677800,
      "timeUpdatingContentLessIndexes" : 11300,
      "timeIndexingWithoutContent" : 0
    }, {
      "providerName" : "Library Gradle: org.lwjgl.lwjgl:lwjgl-platform:natives-linux:2.9.4-nightly-20150209",
      "numberOfScannedFiles" : 5,
      "numberOfSkippedFiles" : 0,
      "numberOfFilesForIndexing" : 0,
      "numberOfFilesFullyIndexedByInfrastructureExtensions" : 0,
      "scanningTime" : 883100,
      "timeProcessingUpToDateFiles" : 632200,
      "timeUpdatingContentLessIndexes" : 15100,
      "timeIndexingWithoutContent" : 0
    }, {
      "providerName" : "Library Gradle: net.java.jinput:jinput-platform:natives-windows:2.0.5",
      "numberOfScannedFiles" : 5,
      "numberOfSkippedFiles" : 0,
      "numberOfFilesForIndexing" : 0,
      "numberOfFilesFullyIndexedByInfrastructureExtensions" : 0,
      "scanningTime" : 853800,
      "timeProcessingUpToDateFiles" : 624600,
      "timeUpdatingContentLessIndexes" : 13300,
      "timeIndexingWithoutContent" : 0
    }, {
      "providerName" : "Library Gradle: org.lwjgl.lwjgl:lwjgl-platform:natives-windows:2.9.4-nightly-20150209",
      "numberOfScannedFiles" : 5,
      "numberOfSkippedFiles" : 0,
      "numberOfFilesForIndexing" : 0,
      "numberOfFilesFullyIndexedByInfrastructureExtensions" : 0,
      "scanningTime" : 824900,
      "timeProcessingUpToDateFiles" : 608300,
      "timeUpdatingContentLessIndexes" : 12900,
      "timeIndexingWithoutContent" : 0
    }, {
      "providerName" : "Library Gradle: org.lwjgl.lwjgl:lwjgl-platform:natives-osx:2.9.4-nightly-20150209",
      "numberOfScannedFiles" : 3,
      "numberOfSkippedFiles" : 0,
      "numberOfFilesForIndexing" : 0,
      "numberOfFilesFullyIndexedByInfrastructureExtensions" : 0,
      "scanningTime" : 653200,
      "timeProcessingUpToDateFiles" : 478700,
      "timeUpdatingContentLessIndexes" : 10800,
      "timeIndexingWithoutContent" : 0
    }, {
      "providerName" : "Library Gradle: net.java.jinput:jinput-platform:natives-linux:2.0.5",
      "numberOfScannedFiles" : 2,
      "numberOfSkippedFiles" : 0,
      "numberOfFilesForIndexing" : 0,
      "numberOfFilesFullyIndexedByInfrastructureExtensions" : 0,
      "scanningTime" : 348200,
      "timeProcessingUpToDateFiles" : 251700,
      "timeUpdatingContentLessIndexes" : 5200,
      "timeIndexingWithoutContent" : 0
    }, {
      "providerName" : "Library Gradle: net.java.jinput:jinput-platform:natives-osx:2.0.5",
      "numberOfScannedFiles" : 1,
      "numberOfSkippedFiles" : 0,
      "numberOfFilesForIndexing" : 0,
      "numberOfFilesFullyIndexedByInfrastructureExtensions" : 0,
      "scanningTime" : 229100,
      "timeProcessingUpToDateFiles" : 181600,
      "timeUpdatingContentLessIndexes" : 2800,
      "timeIndexingWithoutContent" : 0
    }, {
      "providerName" : "Library compileDummy.jar",
      "numberOfScannedFiles" : 0,
      "numberOfSkippedFiles" : 1,
      "numberOfFilesForIndexing" : 0,
      "numberOfFilesFullyIndexedByInfrastructureExtensions" : 0,
      "scanningTime" : 0,
      "timeProcessingUpToDateFiles" : 0,
      "timeUpdatingContentLessIndexes" : 0,
      "timeIndexingWithoutContent" : 0
    }, {
      "providerName" : "Library providedDummy.jar",
      "numberOfScannedFiles" : 0,
      "numberOfSkippedFiles" : 1,
      "numberOfFilesForIndexing" : 0,
      "numberOfFilesFullyIndexedByInfrastructureExtensions" : 0,
      "scanningTime" : 0,
      "timeProcessingUpToDateFiles" : 0,
      "timeUpdatingContentLessIndexes" : 0,
      "timeIndexingWithoutContent" : 0
    }, {
      "providerName" : "Library compileDummy.jar",
      "numberOfScannedFiles" : 0,
      "numberOfSkippedFiles" : 1,
      "numberOfFilesForIndexing" : 0,
      "numberOfFilesFullyIndexedByInfrastructureExtensions" : 0,
      "scanningTime" : 0,
      "timeProcessingUpToDateFiles" : 0,
      "timeUpdatingContentLessIndexes" : 0,
      "timeIndexingWithoutContent" : 0
    }, {
      "providerName" : "Library providedDummy.jar",
      "numberOfScannedFiles" : 0,
      "numberOfSkippedFiles" : 1,
      "numberOfFilesForIndexing" : 0,
      "numberOfFilesFullyIndexedByInfrastructureExtensions" : 0,
      "scanningTime" : 0,
      "timeProcessingUpToDateFiles" : 0,
      "timeUpdatingContentLessIndexes" : 0,
      "timeIndexingWithoutContent" : 0
    }, {
      "providerName" : "Indexable set contributor 'Scratches & Consoles' (project)",
      "numberOfScannedFiles" : 0,
      "numberOfSkippedFiles" : 0,
      "numberOfFilesForIndexing" : 0,
      "numberOfFilesFullyIndexedByInfrastructureExtensions" : 0,
      "scanningTime" : 0,
      "timeProcessingUpToDateFiles" : 0,
      "timeUpdatingContentLessIndexes" : 0,
      "timeIndexingWithoutContent" : 0
    }, {
      "providerName" : "Indexable set contributor 'com.intellij.javaee.ExternalResourcesRootsProvider@2b425029' (project)",
      "numberOfScannedFiles" : 0,
      "numberOfSkippedFiles" : 0,
      "numberOfFilesForIndexing" : 0,
      "numberOfFilesFullyIndexedByInfrastructureExtensions" : 0,
      "scanningTime" : 0,
      "timeProcessingUpToDateFiles" : 0,
      "timeUpdatingContentLessIndexes" : 0,
      "timeIndexingWithoutContent" : 0
    } ],
    "fileProviderStatistics" : [ ]
  }
}