{
  "appInfo" : {
    "build" : "212.5284.40",
    "buildDate" : "2021-09-14T05:29:12.98Z[UTC]",
    "productCode" : "IC",
    "generated" : "2021-10-12T06:34:22.8696754Z",
    "os" : "Windows 10 10.0",
    "runtime" : "JetBrains s.r.o. 11.0.12 11.0.12+7-b1504.28"
  },
  "runtimeInfo" : {
    "maxMemory" : 2147483648,
    "numberOfProcessors" : 16,
    "maxNumberOfIndexingThreads" : 4,
    "maxSizeOfFileForIntelliSense" : 2560000,
    "maxSizeOfFileForContentLoading" : 20971520
  },
  "projectIndexingHistory" : {
    "projectName" : "ModernIndustry",
    "times" : {
      "indexingReason" : "On project open",
      "totalUpdatingTime" : 3635675000,
      "indexingTime" : 0,
      "contentLoadingTime" : 0,
      "scanFilesTime" : 3582450300,
      "pushPropertiesTime" : 0,
      "indexExtensionsTime" : 0,
      "updatingStart" : "2021-10-12T06:34:19.2282108Z",
      "updatingEnd" : "2021-10-12T06:34:22.8646742Z",
      "totalSuspendedTime" : 0,
      "wasInterrupted" : false
    },
    "fileCount" : {
      "numberOfFileProviders" : 75,
      "numberOfScannedFiles" : 115042,
      "numberOfFilesIndexedByInfrastructureExtensionsDuringScan" : 0,
      "numberOfFilesScheduledForIndexingAfterScan" : 0,
      "numberOfFilesIndexedByInfrastructureExtensionsDuringIndexingStage" : 0,
      "numberOfFilesIndexedWithLoadingContent" : 0
    },
    "totalStatsPerFileType" : [ ],
    "totalStatsPerIndexer" : [ ],
    "scanningStatistics" : [ {
      "providerName" : "Library Gradle: net.minecraftforge:forgeSrc:1.12.2-14.23.5.2768",
      "numberOfScannedFiles" : 17085,
      "numberOfSkippedFiles" : 0,
      "numberOfFilesForIndexing" : 0,
      "numberOfFilesFullyIndexedByInfrastructureExtensions" : 0,
      "scanningTime" : 1637672400,
      "timeProcessingUpToDateFiles" : 648064700,
      "timeUpdatingContentLessIndexes" : 22951400,
      "timeIndexingWithoutContent" : 0
    }, {
      "providerName" : "JDK 1.8",
      "numberOfScannedFiles" : 43877,
      "numberOfSkippedFiles" : 0,
      "numberOfFilesForIndexing" : 0,
      "numberOfFilesFullyIndexedByInfrastructureExtensions" : 0,
      "scanningTime" : 1198802000,
      "timeProcessingUpToDateFiles" : 444639900,
      "timeUpdatingContentLessIndexes" : 33694000,
      "timeIndexingWithoutContent" : 0
    }, {
      "providerName" : "Library Gradle: io.netty:netty-all:4.1.9.Final",
      "numberOfScannedFiles" : 4083,
      "numberOfSkippedFiles" : 0,
      "numberOfFilesForIndexing" : 0,
      "numberOfFilesFullyIndexedByInfrastructureExtensions" : 0,
      "scanningTime" : 1089960300,
      "timeProcessingUpToDateFiles" : 535646200,
      "timeUpdatingContentLessIndexes" : 12480600,
      "timeIndexingWithoutContent" : 0
    }, {
      "providerName" : "Library Gradle: it.unimi.dsi:fastutil:7.1.0",
      "numberOfScannedFiles" : 12800,
      "numberOfSkippedFiles" : 0,
      "numberOfFilesForIndexing" : 0,
      "numberOfFilesFullyIndexedByInfrastructureExtensions" : 0,
      "scanningTime" : 935036900,
      "timeProcessingUpToDateFiles" : 510910400,
      "timeUpdatingContentLessIndexes" : 19221600,
      "timeIndexingWithoutContent" : 0
    }, {
      "providerName" : "Library Gradle: com.google.guava:guava:21.0",
      "numberOfScannedFiles" : 2378,
      "numberOfSkippedFiles" : 0,
      "numberOfFilesForIndexing" : 0,
      "numberOfFilesFullyIndexedByInfrastructureExtensions" : 0,
      "scanningTime" : 883148700,
      "timeProcessingUpToDateFiles" : 442382600,
      "timeUpdatingContentLessIndexes" : 6730500,
      "timeIndexingWithoutContent" : 0
    }, {
      "providerName" : "Library Gradle: com.ibm.icu:icu4j-core-mojang:51.2",
      "numberOfScannedFiles" : 1282,
      "numberOfSkippedFiles" : 0,
      "numberOfFilesForIndexing" : 0,
      "numberOfFilesFullyIndexedByInfrastructureExtensions" : 0,
      "scanningTime" : 736584200,
      "timeProcessingUpToDateFiles" : 267509000,
      "timeUpdatingContentLessIndexes" : 29893600,
      "timeIndexingWithoutContent" : 0
    }, {
      "providerName" : "Library Gradle: org.scala-lang:scala-compiler:2.11.1",
      "numberOfScannedFiles" : 8708,
      "numberOfSkippedFiles" : 0,
      "numberOfFilesForIndexing" : 0,
      "numberOfFilesFullyIndexedByInfrastructureExtensions" : 0,
      "scanningTime" : 708020800,
      "timeProcessingUpToDateFiles" : 405397900,
      "timeUpdatingContentLessIndexes" : 14961600,
      "timeIndexingWithoutContent" : 0
    }, {
      "providerName" : "Library Gradle: net.java.dev.jna:platform:3.4.0",
      "numberOfScannedFiles" : 561,
      "numberOfSkippedFiles" : 0,
      "numberOfFilesForIndexing" : 0,
      "numberOfFilesFullyIndexedByInfrastructureExtensions" : 0,
      "scanningTime" : 627526000,
      "timeProcessingUpToDateFiles" : 143965900,
      "timeUpdatingContentLessIndexes" : 2254700,
      "timeIndexingWithoutContent" : 0
    }, {
      "providerName" : "Library Gradle: org.scala-lang:scala-library:2.11.1",
      "numberOfScannedFiles" : 4443,
      "numberOfSkippedFiles" : 0,
      "numberOfFilesForIndexing" : 0,
      "numberOfFilesFullyIndexedByInfrastructureExtensions" : 0,
      "scanningTime" : 526245700,
      "timeProcessingUpToDateFiles" : 339006600,
      "timeUpdatingContentLessIndexes" : 9311500,
      "timeIndexingWithoutContent" : 0
    }, {
      "providerName" : "Library Gradle: net.sf.jopt-simple:jopt-simple:5.0.3",
      "numberOfScannedFiles" : 117,
      "numberOfSkippedFiles" : 0,
      "numberOfFilesForIndexing" : 0,
      "numberOfFilesFullyIndexedByInfrastructureExtensions" : 0,
      "scanningTime" : 505396000,
      "timeProcessingUpToDateFiles" : 48911600,
      "timeUpdatingContentLessIndexes" : 478000,
      "timeIndexingWithoutContent" : 0
    }, {
      "providerName" : "Library Gradle: org.scala-lang:scala-reflect:2.11.1",
      "numberOfScannedFiles" : 2925,
      "numberOfSkippedFiles" : 0,
      "numberOfFilesForIndexing" : 0,
      "numberOfFilesFullyIndexedByInfrastructureExtensions" : 0,
      "scanningTime" : 504863100,
      "timeProcessingUpToDateFiles" : 372646100,
      "timeUpdatingContentLessIndexes" : 7323900,
      "timeIndexingWithoutContent" : 0
    }, {
      "providerName" : "Library Gradle: com.typesafe.akka:akka-actor_2.11:2.3.3",
      "numberOfScannedFiles" : 1802,
      "numberOfSkippedFiles" : 0,
      "numberOfFilesForIndexing" : 0,
      "numberOfFilesFullyIndexedByInfrastructureExtensions" : 0,
      "scanningTime" : 398616800,
      "timeProcessingUpToDateFiles" : 284674600,
      "timeUpdatingContentLessIndexes" : 5195100,
      "timeIndexingWithoutContent" : 0
    }, {
      "providerName" : "Library Gradle: net.java.dev.jna:jna:4.4.0",
      "numberOfScannedFiles" : 184,
      "numberOfSkippedFiles" : 0,
      "numberOfFilesForIndexing" : 0,
      "numberOfFilesFullyIndexedByInfrastructureExtensions" : 0,
      "scanningTime" : 398186400,
      "timeProcessingUpToDateFiles" : 61252700,
      "timeUpdatingContentLessIndexes" : 2080100,
      "timeIndexingWithoutContent" : 0
    }, {
      "providerName" : "Library Gradle: org.apache.logging.log4j:log4j-core:2.8.1",
      "numberOfScannedFiles" : 1559,
      "numberOfSkippedFiles" : 0,
      "numberOfFilesForIndexing" : 0,
      "numberOfFilesFullyIndexedByInfrastructureExtensions" : 0,
      "scanningTime" : 389963100,
      "timeProcessingUpToDateFiles" : 271200000,
      "timeUpdatingContentLessIndexes" : 4799000,
      "timeIndexingWithoutContent" : 0
    }, {
      "providerName" : "Library Gradle: com.google.code.findbugs:jsr305:3.0.1",
      "numberOfScannedFiles" : 70,
      "numberOfSkippedFiles" : 0,
      "numberOfFilesForIndexing" : 0,
      "numberOfFilesFullyIndexedByInfrastructureExtensions" : 0,
      "scanningTime" : 370385200,
      "timeProcessingUpToDateFiles" : 31339200,
      "timeUpdatingContentLessIndexes" : 341400,
      "timeIndexingWithoutContent" : 0
    }, {
      "providerName" : "Library Gradle: com.mojang:authlib:1.5.25",
      "numberOfScannedFiles" : 106,
      "numberOfSkippedFiles" : 0,
      "numberOfFilesForIndexing" : 0,
      "numberOfFilesFullyIndexedByInfrastructureExtensions" : 0,
      "scanningTime" : 361169800,
      "timeProcessingUpToDateFiles" : 54198200,
      "timeUpdatingContentLessIndexes" : 404700,
      "timeIndexingWithoutContent" : 0
    }, {
      "providerName" : "Library Gradle: org.apache.httpcomponents:httpclient:4.3.3",
      "numberOfScannedFiles" : 825,
      "numberOfSkippedFiles" : 0,
      "numberOfFilesForIndexing" : 0,
      "numberOfFilesFullyIndexedByInfrastructureExtensions" : 0,
      "scanningTime" : 352471100,
      "timeProcessingUpToDateFiles" : 162799600,
      "timeUpdatingContentLessIndexes" : 2496300,
      "timeIndexingWithoutContent" : 0
    }, {
      "providerName" : "Library Gradle: net.sf.trove4j:trove4j:3.0.3",
      "numberOfScannedFiles" : 2289,
      "numberOfSkippedFiles" : 0,
      "numberOfFilesForIndexing" : 0,
      "numberOfFilesFullyIndexedByInfrastructureExtensions" : 0,
      "scanningTime" : 343717300,
      "timeProcessingUpToDateFiles" : 235872900,
      "timeUpdatingContentLessIndexes" : 5766000,
      "timeIndexingWithoutContent" : 0
    }, {
      "providerName" : "Library Gradle: org.lwjgl.lwjgl:lwjgl:2.9.4-nightly-20150209",
      "numberOfScannedFiles" : 1253,
      "numberOfSkippedFiles" : 0,
      "numberOfFilesForIndexing" : 0,
      "numberOfFilesFullyIndexedByInfrastructureExtensions" : 0,
      "scanningTime" : 343169800,
      "timeProcessingUpToDateFiles" : 218781000,
      "timeUpdatingContentLessIndexes" : 3725100,
      "timeIndexingWithoutContent" : 0
    }, {
      "providerName" : "Library Gradle: oshi-project:oshi-core:1.1",
      "numberOfScannedFiles" : 57,
      "numberOfSkippedFiles" : 0,
      "numberOfFilesForIndexing" : 0,
      "numberOfFilesFullyIndexedByInfrastructureExtensions" : 0,
      "scanningTime" : 340180700,
      "timeProcessingUpToDateFiles" : 26303200,
      "timeUpdatingContentLessIndexes" : 267300,
      "timeIndexingWithoutContent" : 0
    }, {
      "providerName" : "Library compileDummy.jar",
      "numberOfScannedFiles" : 1,
      "numberOfSkippedFiles" : 0,
      "numberOfFilesForIndexing" : 0,
      "numberOfFilesFullyIndexedByInfrastructureExtensions" : 0,
      "scanningTime" : 325598000,
      "timeProcessingUpToDateFiles" : 60100,
      "timeUpdatingContentLessIndexes" : 14300,
      "timeIndexingWithoutContent" : 0
    }, {
      "providerName" : "Library Gradle: net.minecraft:launchwrapper:1.12",
      "numberOfScannedFiles" : 37,
      "numberOfSkippedFiles" : 0,
      "numberOfFilesForIndexing" : 0,
      "numberOfFilesFullyIndexedByInfrastructureExtensions" : 0,
      "scanningTime" : 322439900,
      "timeProcessingUpToDateFiles" : 24426100,
      "timeUpdatingContentLessIndexes" : 225300,
      "timeIndexingWithoutContent" : 0
    }, {
      "providerName" : "Library Gradle: com.mojang:text2speech:1.10.3",
      "numberOfScannedFiles" : 20,
      "numberOfSkippedFiles" : 0,
      "numberOfFilesForIndexing" : 0,
      "numberOfFilesFullyIndexedByInfrastructureExtensions" : 0,
      "scanningTime" : 271369500,
      "timeProcessingUpToDateFiles" : 18604700,
      "timeUpdatingContentLessIndexes" : 407600,
      "timeIndexingWithoutContent" : 0
    }, {
      "providerName" : "Library Gradle: org.apache.commons:commons-lang3:3.5",
      "numberOfScannedFiles" : 413,
      "numberOfSkippedFiles" : 0,
      "numberOfFilesForIndexing" : 0,
      "numberOfFilesFullyIndexedByInfrastructureExtensions" : 0,
      "scanningTime" : 228408900,
      "timeProcessingUpToDateFiles" : 138263200,
      "timeUpdatingContentLessIndexes" : 1529300,
      "timeIndexingWithoutContent" : 0
    }, {
      "providerName" : "Library Gradle: commons-io:commons-io:2.5",
      "numberOfScannedFiles" : 254,
      "numberOfSkippedFiles" : 0,
      "numberOfFilesForIndexing" : 0,
      "numberOfFilesFullyIndexedByInfrastructureExtensions" : 0,
      "scanningTime" : 210029900,
      "timeProcessingUpToDateFiles" : 95951600,
      "timeUpdatingContentLessIndexes" : 978300,
      "timeIndexingWithoutContent" : 0
    }, {
      "providerName" : "Library Gradle: org.apache.maven:maven-artifact:3.5.3",
      "numberOfScannedFiles" : 71,
      "numberOfSkippedFiles" : 0,
      "numberOfFilesForIndexing" : 0,
      "numberOfFilesFullyIndexedByInfrastructureExtensions" : 0,
      "scanningTime" : 198676900,
      "timeProcessingUpToDateFiles" : 38250100,
      "timeUpdatingContentLessIndexes" : 251600,
      "timeIndexingWithoutContent" : 0
    }, {
      "providerName" : "Library Gradle: org.spongepowered:mixin:0.8-SNAPSHOT",
      "numberOfScannedFiles" : 882,
      "numberOfSkippedFiles" : 0,
      "numberOfFilesForIndexing" : 0,
      "numberOfFilesFullyIndexedByInfrastructureExtensions" : 0,
      "scanningTime" : 178846000,
      "timeProcessingUpToDateFiles" : 131359600,
      "timeUpdatingContentLessIndexes" : 2402800,
      "timeIndexingWithoutContent" : 0
    }, {
      "providerName" : "Library Gradle: org.jline:jline:3.5.1",
      "numberOfScannedFiles" : 437,
      "numberOfSkippedFiles" : 0,
      "numberOfFilesForIndexing" : 0,
      "numberOfFilesFullyIndexedByInfrastructureExtensions" : 0,
      "scanningTime" : 169613900,
      "timeProcessingUpToDateFiles" : 74676900,
      "timeUpdatingContentLessIndexes" : 1232100,
      "timeIndexingWithoutContent" : 0
    }, {
      "providerName" : "Library Gradle: com.mojang:realms:1.10.22",
      "numberOfScannedFiles" : 226,
      "numberOfSkippedFiles" : 0,
      "numberOfFilesForIndexing" : 0,
      "numberOfFilesFullyIndexedByInfrastructureExtensions" : 0,
      "scanningTime" : 165200000,
      "timeProcessingUpToDateFiles" : 50208400,
      "timeUpdatingContentLessIndexes" : 754000,
      "timeIndexingWithoutContent" : 0
    }, {
      "providerName" : "Library Gradle: org.scala-lang.modules:scala-xml_2.11:1.0.2",
      "numberOfScannedFiles" : 508,
      "numberOfSkippedFiles" : 0,
      "numberOfFilesForIndexing" : 0,
      "numberOfFilesFullyIndexedByInfrastructureExtensions" : 0,
      "scanningTime" : 161489500,
      "timeProcessingUpToDateFiles" : 81055700,
      "timeUpdatingContentLessIndexes" : 3002500,
      "timeIndexingWithoutContent" : 0
    }, {
      "providerName" : "Library Gradle: commons-codec:commons-codec:1.10",
      "numberOfScannedFiles" : 423,
      "numberOfSkippedFiles" : 0,
      "numberOfFilesForIndexing" : 0,
      "numberOfFilesFullyIndexedByInfrastructureExtensions" : 0,
      "scanningTime" : 157695800,
      "timeProcessingUpToDateFiles" : 84230900,
      "timeUpdatingContentLessIndexes" : 824300,
      "timeIndexingWithoutContent" : 0
    }, {
      "providerName" : "Library Gradle: org.scala-lang.modules:scala-parser-combinators_2.11:1.0.1",
      "numberOfScannedFiles" : 375,
      "numberOfSkippedFiles" : 0,
      "numberOfFilesForIndexing" : 0,
      "numberOfFilesFullyIndexedByInfrastructureExtensions" : 0,
      "scanningTime" : 134843200,
      "timeProcessingUpToDateFiles" : 65534300,
      "timeUpdatingContentLessIndexes" : 1070900,
      "timeIndexingWithoutContent" : 0
    }, {
      "providerName" : "Library Gradle: net.java.jinput:jinput:2.0.5",
      "numberOfScannedFiles" : 302,
      "numberOfSkippedFiles" : 0,
      "numberOfFilesForIndexing" : 0,
      "numberOfFilesFullyIndexedByInfrastructureExtensions" : 0,
      "scanningTime" : 134191100,
      "timeProcessingUpToDateFiles" : 97227300,
      "timeUpdatingContentLessIndexes" : 2649900,
      "timeIndexingWithoutContent" : 0
    }, {
      "providerName" : "Library Gradle: com.mojang:patchy:1.1",
      "numberOfScannedFiles" : 12,
      "numberOfSkippedFiles" : 0,
      "numberOfFilesForIndexing" : 0,
      "numberOfFilesFullyIndexedByInfrastructureExtensions" : 0,
      "scanningTime" : 131516400,
      "timeProcessingUpToDateFiles" : 7384300,
      "timeUpdatingContentLessIndexes" : 1015500,
      "timeIndexingWithoutContent" : 0
    }, {
      "providerName" : "Library Gradle: org.scala-lang.modules:scala-swing_2.11:1.0.1",
      "numberOfScannedFiles" : 581,
      "numberOfSkippedFiles" : 0,
      "numberOfFilesForIndexing" : 0,
      "numberOfFilesFullyIndexedByInfrastructureExtensions" : 0,
      "scanningTime" : 130562300,
      "timeProcessingUpToDateFiles" : 96506000,
      "timeUpdatingContentLessIndexes" : 1644900,
      "timeIndexingWithoutContent" : 0
    }, {
      "providerName" : "Module 'ModernIndustry.main'",
      "numberOfScannedFiles" : 511,
      "numberOfSkippedFiles" : 0,
      "numberOfFilesForIndexing" : 0,
      "numberOfFilesFullyIndexedByInfrastructureExtensions" : 0,
      "scanningTime" : 130234700,
      "timeProcessingUpToDateFiles" : 68046200,
      "timeUpdatingContentLessIndexes" : 1342100,
      "timeIndexingWithoutContent" : 0
    }, {
      "providerName" : "Library Gradle: org.apache.commons:commons-compress:1.8.1",
      "numberOfScannedFiles" : 360,
      "numberOfSkippedFiles" : 0,
      "numberOfFilesForIndexing" : 0,
      "numberOfFilesFullyIndexedByInfrastructureExtensions" : 0,
      "scanningTime" : 126672800,
      "timeProcessingUpToDateFiles" : 66281100,
      "timeUpdatingContentLessIndexes" : 1101600,
      "timeIndexingWithoutContent" : 0
    }, {
      "providerName" : "Library providedDummy.jar",
      "numberOfScannedFiles" : 1,
      "numberOfSkippedFiles" : 0,
      "numberOfFilesForIndexing" : 0,
      "numberOfFilesFullyIndexedByInfrastructureExtensions" : 0,
      "scanningTime" : 118100000,
      "timeProcessingUpToDateFiles" : 120700,
      "timeUpdatingContentLessIndexes" : 20600,
      "timeIndexingWithoutContent" : 0
    }, {
      "providerName" : "Library Gradle: org.lwjgl.lwjgl:lwjgl_util:2.9.4-nightly-20150209",
      "numberOfScannedFiles" : 205,
      "numberOfSkippedFiles" : 0,
      "numberOfFilesForIndexing" : 0,
      "numberOfFilesFullyIndexedByInfrastructureExtensions" : 0,
      "scanningTime" : 113695100,
      "timeProcessingUpToDateFiles" : 68385400,
      "timeUpdatingContentLessIndexes" : 660400,
      "timeIndexingWithoutContent" : 0
    }, {
      "providerName" : "Library Gradle: com.google.code.gson:gson:2.8.0",
      "numberOfScannedFiles" : 245,
      "numberOfSkippedFiles" : 0,
      "numberOfFilesForIndexing" : 0,
      "numberOfFilesFullyIndexedByInfrastructureExtensions" : 0,
      "scanningTime" : 110987400,
      "timeProcessingUpToDateFiles" : 85835500,
      "timeUpdatingContentLessIndexes" : 841000,
      "timeIndexingWithoutContent" : 0
    }, {
      "providerName" : "Library Gradle: org.ow2.asm:asm-debug-all:5.2",
      "numberOfScannedFiles" : 322,
      "numberOfSkippedFiles" : 0,
      "numberOfFilesForIndexing" : 0,
      "numberOfFilesFullyIndexedByInfrastructureExtensions" : 0,
      "scanningTime" : 99848100,
      "timeProcessingUpToDateFiles" : 56457400,
      "timeUpdatingContentLessIndexes" : 930600,
      "timeIndexingWithoutContent" : 0
    }, {
      "providerName" : "Library Gradle: org.apache.httpcomponents:httpcore:4.3.2",
      "numberOfScannedFiles" : 483,
      "numberOfSkippedFiles" : 0,
      "numberOfFilesForIndexing" : 0,
      "numberOfFilesFullyIndexedByInfrastructureExtensions" : 0,
      "scanningTime" : 99055900,
      "timeProcessingUpToDateFiles" : 52607200,
      "timeUpdatingContentLessIndexes" : 1092800,
      "timeIndexingWithoutContent" : 0
    }, {
      "providerName" : "Library Gradle: org.scala-lang:scala-actors:2.11.0",
      "numberOfScannedFiles" : 417,
      "numberOfSkippedFiles" : 0,
      "numberOfFilesForIndexing" : 0,
      "numberOfFilesFullyIndexedByInfrastructureExtensions" : 0,
      "scanningTime" : 94771300,
      "timeProcessingUpToDateFiles" : 71011500,
      "timeUpdatingContentLessIndexes" : 1198400,
      "timeIndexingWithoutContent" : 0
    }, {
      "providerName" : "Library Gradle: org.apache.logging.log4j:log4j-api:2.8.1",
      "numberOfScannedFiles" : 269,
      "numberOfSkippedFiles" : 0,
      "numberOfFilesForIndexing" : 0,
      "numberOfFilesFullyIndexedByInfrastructureExtensions" : 0,
      "scanningTime" : 87844900,
      "timeProcessingUpToDateFiles" : 46979400,
      "timeUpdatingContentLessIndexes" : 740100,
      "timeIndexingWithoutContent" : 0
    }, {
      "providerName" : "Library Gradle: org.codehaus.plexus:plexus-utils:3.1.0",
      "numberOfScannedFiles" : 201,
      "numberOfSkippedFiles" : 0,
      "numberOfFilesForIndexing" : 0,
      "numberOfFilesFullyIndexedByInfrastructureExtensions" : 0,
      "scanningTime" : 64816200,
      "timeProcessingUpToDateFiles" : 54048500,
      "timeUpdatingContentLessIndexes" : 547700,
      "timeIndexingWithoutContent" : 0
    }, {
      "providerName" : "Library Gradle: com.typesafe:config:1.2.1",
      "numberOfScannedFiles" : 203,
      "numberOfSkippedFiles" : 0,
      "numberOfFilesForIndexing" : 0,
      "numberOfFilesFullyIndexedByInfrastructureExtensions" : 0,
      "scanningTime" : 54006900,
      "timeProcessingUpToDateFiles" : 34458100,
      "timeUpdatingContentLessIndexes" : 552200,
      "timeIndexingWithoutContent" : 0
    }, {
      "providerName" : "Indexable set contributor 'com.intellij.javaee.ExternalResourcesRootsProvider@7d2ab962' (non-project)",
      "numberOfScannedFiles" : 217,
      "numberOfSkippedFiles" : 4,
      "numberOfFilesForIndexing" : 0,
      "numberOfFilesFullyIndexedByInfrastructureExtensions" : 0,
      "scanningTime" : 37148200,
      "timeProcessingUpToDateFiles" : 26149300,
      "timeUpdatingContentLessIndexes" : 539100,
      "timeIndexingWithoutContent" : 0
    }, {
      "providerName" : "Library Gradle: org.scala-lang.plugins:scala-continuations-plugin_2.11.1:1.0.2",
      "numberOfScannedFiles" : 144,
      "numberOfSkippedFiles" : 0,
      "numberOfFilesForIndexing" : 0,
      "numberOfFilesFullyIndexedByInfrastructureExtensions" : 0,
      "scanningTime" : 33583300,
      "timeProcessingUpToDateFiles" : 23836000,
      "timeUpdatingContentLessIndexes" : 402500,
      "timeIndexingWithoutContent" : 0
    }, {
      "providerName" : "Library Gradle: java3d:vecmath:1.5.2",
      "numberOfScannedFiles" : 105,
      "numberOfSkippedFiles" : 0,
      "numberOfFilesForIndexing" : 0,
      "numberOfFilesFullyIndexedByInfrastructureExtensions" : 0,
      "scanningTime" : 25707000,
      "timeProcessingUpToDateFiles" : 18519500,
      "timeUpdatingContentLessIndexes" : 295000,
      "timeIndexingWithoutContent" : 0
    }, {
      "providerName" : "Module 'ModernIndustry'",
      "numberOfScannedFiles" : 20,
      "numberOfSkippedFiles" : 0,
      "numberOfFilesForIndexing" : 0,
      "numberOfFilesFullyIndexedByInfrastructureExtensions" : 0,
      "scanningTime" : 24135200,
      "timeProcessingUpToDateFiles" : 1709800,
      "timeUpdatingContentLessIndexes" : 15464800,
      "timeIndexingWithoutContent" : 0
    }, {
      "providerName" : "Library Gradle: com.paulscode:codecjorbis:20101023",
      "numberOfScannedFiles" : 89,
      "numberOfSkippedFiles" : 0,
      "numberOfFilesForIndexing" : 0,
      "numberOfFilesFullyIndexedByInfrastructureExtensions" : 0,
      "scanningTime" : 19517800,
      "timeProcessingUpToDateFiles" : 14569600,
      "timeUpdatingContentLessIndexes" : 252400,
      "timeIndexingWithoutContent" : 0
    }, {
      "providerName" : "Library Gradle: com.paulscode:soundsystem:20120107",
      "numberOfScannedFiles" : 45,
      "numberOfSkippedFiles" : 0,
      "numberOfFilesForIndexing" : 0,
      "numberOfFilesFullyIndexedByInfrastructureExtensions" : 0,
      "scanningTime" : 12006600,
      "timeProcessingUpToDateFiles" : 7704200,
      "timeUpdatingContentLessIndexes" : 125300,
      "timeIndexingWithoutContent" : 0
    }, {
      "providerName" : "Library Gradle: ca.weblite:java-objc-bridge:1.0.0",
      "numberOfScannedFiles" : 50,
      "numberOfSkippedFiles" : 0,
      "numberOfFilesForIndexing" : 0,
      "numberOfFilesFullyIndexedByInfrastructureExtensions" : 0,
      "scanningTime" : 11212800,
      "timeProcessingUpToDateFiles" : 8170800,
      "timeUpdatingContentLessIndexes" : 149000,
      "timeIndexingWithoutContent" : 0
    }, {
      "providerName" : "Library Gradle: org.scala-lang:scala-actors-migration_2.11:1.1.0",
      "numberOfScannedFiles" : 44,
      "numberOfSkippedFiles" : 0,
      "numberOfFilesForIndexing" : 0,
      "numberOfFilesFullyIndexedByInfrastructureExtensions" : 0,
      "scanningTime" : 11176000,
      "timeProcessingUpToDateFiles" : 7476300,
      "timeUpdatingContentLessIndexes" : 120200,
      "timeIndexingWithoutContent" : 0
    }, {
      "providerName" : "Library Gradle: org.scala-lang.plugins:scala-continuations-library_2.11:1.0.2",
      "numberOfScannedFiles" : 29,
      "numberOfSkippedFiles" : 0,
      "numberOfFilesForIndexing" : 0,
      "numberOfFilesFullyIndexedByInfrastructureExtensions" : 0,
      "scanningTime" : 6408300,
      "timeProcessingUpToDateFiles" : 4787000,
      "timeUpdatingContentLessIndexes" : 77500,
      "timeIndexingWithoutContent" : 0
    }, {
      "providerName" : "Library start",
      "numberOfScannedFiles" : 16,
      "numberOfSkippedFiles" : 0,
      "numberOfFilesForIndexing" : 0,
      "numberOfFilesFullyIndexedByInfrastructureExtensions" : 0,
      "scanningTime" : 4692100,
      "timeProcessingUpToDateFiles" : 2595100,
      "timeUpdatingContentLessIndexes" : 48300,
      "timeIndexingWithoutContent" : 0
    }, {
      "providerName" : "Library Gradle: net.java.jinput:jinput-platform:natives-windows:2.0.5",
      "numberOfScannedFiles" : 5,
      "numberOfSkippedFiles" : 0,
      "numberOfFilesForIndexing" : 0,
      "numberOfFilesFullyIndexedByInfrastructureExtensions" : 0,
      "scanningTime" : 4283200,
      "timeProcessingUpToDateFiles" : 580900,
      "timeUpdatingContentLessIndexes" : 15100,
      "timeIndexingWithoutContent" : 0
    }, {
      "providerName" : "Library Gradle: com.paulscode:librarylwjglopenal:20100824",
      "numberOfScannedFiles" : 11,
      "numberOfSkippedFiles" : 0,
      "numberOfFilesForIndexing" : 0,
      "numberOfFilesFullyIndexedByInfrastructureExtensions" : 0,
      "scanningTime" : 4161900,
      "timeProcessingUpToDateFiles" : 2981200,
      "timeUpdatingContentLessIndexes" : 36900,
      "timeIndexingWithoutContent" : 0
    }, {
      "providerName" : "Library Gradle: com.paulscode:libraryjavasound:20101123",
      "numberOfScannedFiles" : 12,
      "numberOfSkippedFiles" : 0,
      "numberOfFilesForIndexing" : 0,
      "numberOfFilesFullyIndexedByInfrastructureExtensions" : 0,
      "scanningTime" : 3072400,
      "timeProcessingUpToDateFiles" : 2269300,
      "timeUpdatingContentLessIndexes" : 29000,
      "timeIndexingWithoutContent" : 0
    }, {
      "providerName" : "Library Gradle: net.java.jutils:jutils:1.0.0",
      "numberOfScannedFiles" : 12,
      "numberOfSkippedFiles" : 0,
      "numberOfFilesForIndexing" : 0,
      "numberOfFilesFullyIndexedByInfrastructureExtensions" : 0,
      "scanningTime" : 2844300,
      "timeProcessingUpToDateFiles" : 1937300,
      "timeUpdatingContentLessIndexes" : 35600,
      "timeIndexingWithoutContent" : 0
    }, {
      "providerName" : "Library Gradle: commons-logging:commons-logging:1.1.3",
      "numberOfScannedFiles" : 53,
      "numberOfSkippedFiles" : 0,
      "numberOfFilesForIndexing" : 0,
      "numberOfFilesFullyIndexedByInfrastructureExtensions" : 0,
      "scanningTime" : 2043600,
      "timeProcessingUpToDateFiles" : 318000,
      "timeUpdatingContentLessIndexes" : 73800,
      "timeIndexingWithoutContent" : 0
    }, {
      "providerName" : "Library Gradle: com.paulscode:codecwav:20101023",
      "numberOfScannedFiles" : 6,
      "numberOfSkippedFiles" : 0,
      "numberOfFilesForIndexing" : 0,
      "numberOfFilesFullyIndexedByInfrastructureExtensions" : 0,
      "scanningTime" : 1445900,
      "timeProcessingUpToDateFiles" : 1025900,
      "timeUpdatingContentLessIndexes" : 13800,
      "timeIndexingWithoutContent" : 0
    }, {
      "providerName" : "Indexable set contributor 'Scratches & Consoles' (non-project)",
      "numberOfScannedFiles" : 1,
      "numberOfSkippedFiles" : 0,
      "numberOfFilesForIndexing" : 0,
      "numberOfFilesFullyIndexedByInfrastructureExtensions" : 0,
      "scanningTime" : 1323200,
      "timeProcessingUpToDateFiles" : 163500,
      "timeUpdatingContentLessIndexes" : 1500,
      "timeIndexingWithoutContent" : 0
    }, {
      "providerName" : "Library Gradle: org.lwjgl.lwjgl:lwjgl-platform:natives-windows:2.9.4-nightly-20150209",
      "numberOfScannedFiles" : 5,
      "numberOfSkippedFiles" : 0,
      "numberOfFilesForIndexing" : 0,
      "numberOfFilesFullyIndexedByInfrastructureExtensions" : 0,
      "scanningTime" : 934200,
      "timeProcessingUpToDateFiles" : 721900,
      "timeUpdatingContentLessIndexes" : 14500,
      "timeIndexingWithoutContent" : 0
    }, {
      "providerName" : "Library Gradle: lzma:lzma:0.0.1",
      "numberOfScannedFiles" : 4,
      "numberOfSkippedFiles" : 0,
      "numberOfFilesForIndexing" : 0,
      "numberOfFilesFullyIndexedByInfrastructureExtensions" : 0,
      "scanningTime" : 847800,
      "timeProcessingUpToDateFiles" : 644200,
      "timeUpdatingContentLessIndexes" : 11500,
      "timeIndexingWithoutContent" : 0
    }, {
      "providerName" : "Library Gradle: org.lwjgl.lwjgl:lwjgl-platform:natives-linux:2.9.4-nightly-20150209",
      "numberOfScannedFiles" : 5,
      "numberOfSkippedFiles" : 0,
      "numberOfFilesForIndexing" : 0,
      "numberOfFilesFullyIndexedByInfrastructureExtensions" : 0,
      "scanningTime" : 830300,
      "timeProcessingUpToDateFiles" : 614600,
      "timeUpdatingContentLessIndexes" : 13800,
      "timeIndexingWithoutContent" : 0
    }, {
      "providerName" : "Library Gradle: org.lwjgl.lwjgl:lwjgl-platform:natives-osx:2.9.4-nightly-20150209",
      "numberOfScannedFiles" : 3,
      "numberOfSkippedFiles" : 0,
      "numberOfFilesForIndexing" : 0,
      "numberOfFilesFullyIndexedByInfrastructureExtensions" : 0,
      "scanningTime" : 568600,
      "timeProcessingUpToDateFiles" : 443300,
      "timeUpdatingContentLessIndexes" : 6600,
      "timeIndexingWithoutContent" : 0
    }, {
      "providerName" : "Library Gradle: net.java.jinput:jinput-platform:natives-linux:2.0.5",
      "numberOfScannedFiles" : 2,
      "numberOfSkippedFiles" : 0,
      "numberOfFilesForIndexing" : 0,
      "numberOfFilesFullyIndexedByInfrastructureExtensions" : 0,
      "scanningTime" : 263300,
      "timeProcessingUpToDateFiles" : 188500,
      "timeUpdatingContentLessIndexes" : 6900,
      "timeIndexingWithoutContent" : 0
    }, {
      "providerName" : "Library Gradle: net.java.jinput:jinput-platform:natives-osx:2.0.5",
      "numberOfScannedFiles" : 1,
      "numberOfSkippedFiles" : 0,
      "numberOfFilesForIndexing" : 0,
      "numberOfFilesFullyIndexedByInfrastructureExtensions" : 0,
      "scanningTime" : 122100,
      "timeProcessingUpToDateFiles" : 89100,
      "timeUpdatingContentLessIndexes" : 2300,
      "timeIndexingWithoutContent" : 0
    }, {
      "providerName" : "Library compileDummy.jar",
      "numberOfScannedFiles" : 0,
      "numberOfSkippedFiles" : 1,
      "numberOfFilesForIndexing" : 0,
      "numberOfFilesFullyIndexedByInfrastructureExtensions" : 0,
      "scanningTime" : 0,
      "timeProcessingUpToDateFiles" : 0,
      "timeUpdatingContentLessIndexes" : 0,
      "timeIndexingWithoutContent" : 0
    }, {
      "providerName" : "Library providedDummy.jar",
      "numberOfScannedFiles" : 0,
      "numberOfSkippedFiles" : 1,
      "numberOfFilesForIndexing" : 0,
      "numberOfFilesFullyIndexedByInfrastructureExtensions" : 0,
      "scanningTime" : 0,
      "timeProcessingUpToDateFiles" : 0,
      "timeUpdatingContentLessIndexes" : 0,
      "timeIndexingWithoutContent" : 0
    }, {
      "providerName" : "Library compileDummy.jar",
      "numberOfScannedFiles" : 0,
      "numberOfSkippedFiles" : 1,
      "numberOfFilesForIndexing" : 0,
      "numberOfFilesFullyIndexedByInfrastructureExtensions" : 0,
      "scanningTime" : 0,
      "timeProcessingUpToDateFiles" : 0,
      "timeUpdatingContentLessIndexes" : 0,
      "timeIndexingWithoutContent" : 0
    }, {
      "providerName" : "Library providedDummy.jar",
      "numberOfScannedFiles" : 0,
      "numberOfSkippedFiles" : 1,
      "numberOfFilesForIndexing" : 0,
      "numberOfFilesFullyIndexedByInfrastructureExtensions" : 0,
      "scanningTime" : 0,
      "timeProcessingUpToDateFiles" : 0,
      "timeUpdatingContentLessIndexes" : 0,
      "timeIndexingWithoutContent" : 0
    }, {
      "providerName" : "Indexable set contributor 'Scratches & Consoles' (project)",
      "numberOfScannedFiles" : 0,
      "numberOfSkippedFiles" : 0,
      "numberOfFilesForIndexing" : 0,
      "numberOfFilesFullyIndexedByInfrastructureExtensions" : 0,
      "scanningTime" : 0,
      "timeProcessingUpToDateFiles" : 0,
      "timeUpdatingContentLessIndexes" : 0,
      "timeIndexingWithoutContent" : 0
    }, {
      "providerName" : "Indexable set contributor 'com.intellij.javaee.ExternalResourcesRootsProvider@7d2ab962' (project)",
      "numberOfScannedFiles" : 0,
      "numberOfSkippedFiles" : 0,
      "numberOfFilesForIndexing" : 0,
      "numberOfFilesFullyIndexedByInfrastructureExtensions" : 0,
      "scanningTime" : 0,
      "timeProcessingUpToDateFiles" : 0,
      "timeUpdatingContentLessIndexes" : 0,
      "timeIndexingWithoutContent" : 0
    } ],
    "fileProviderStatistics" : [ ]
  }
}