{
  "appInfo" : {
    "build" : "212.5284.40",
    "buildDate" : "2021-09-14T05:29:49.317Z[UTC]",
    "productCode" : "IC",
    "generated" : "2021-10-14T06:23:58.8373737Z",
    "os" : "Windows 10 10.0",
    "runtime" : "JetBrains s.r.o. 11.0.12 11.0.12+7-b1504.28"
  },
  "runtimeInfo" : {
    "maxMemory" : 2147483648,
    "numberOfProcessors" : 16,
    "maxNumberOfIndexingThreads" : 4,
    "maxSizeOfFileForIntelliSense" : 2560000,
    "maxSizeOfFileForContentLoading" : 20971520
  },
  "projectIndexingHistory" : {
    "projectName" : "ModernIndustry",
    "times" : {
      "indexingReason" : "On project open",
      "totalUpdatingTime" : 3499157900,
      "indexingTime" : 0,
      "contentLoadingTime" : 0,
      "scanFilesTime" : 3407590900,
      "pushPropertiesTime" : 14004400,
      "indexExtensionsTime" : 0,
      "updatingStart" : "2021-10-14T06:23:55.3327567Z",
      "updatingEnd" : "2021-10-14T06:23:58.8333727Z",
      "totalSuspendedTime" : 0,
      "wasInterrupted" : false
    },
    "fileCount" : {
      "numberOfFileProviders" : 75,
      "numberOfScannedFiles" : 115042,
      "numberOfFilesIndexedByInfrastructureExtensionsDuringScan" : 0,
      "numberOfFilesScheduledForIndexingAfterScan" : 0,
      "numberOfFilesIndexedByInfrastructureExtensionsDuringIndexingStage" : 0,
      "numberOfFilesIndexedWithLoadingContent" : 0
    },
    "totalStatsPerFileType" : [ ],
    "totalStatsPerIndexer" : [ ],
    "scanningStatistics" : [ {
      "providerName" : "Library Gradle: net.minecraftforge:forgeSrc:1.12.2-14.23.5.2768",
      "numberOfScannedFiles" : 17085,
      "numberOfSkippedFiles" : 0,
      "numberOfFilesForIndexing" : 0,
      "numberOfFilesFullyIndexedByInfrastructureExtensions" : 0,
      "scanningTime" : 1635650900,
      "timeProcessingUpToDateFiles" : 567425500,
      "timeUpdatingContentLessIndexes" : 23255400,
      "timeIndexingWithoutContent" : 0
    }, {
      "providerName" : "Library Gradle: io.netty:netty-all:4.1.9.Final",
      "numberOfScannedFiles" : 4083,
      "numberOfSkippedFiles" : 0,
      "numberOfFilesForIndexing" : 0,
      "numberOfFilesFullyIndexedByInfrastructureExtensions" : 0,
      "scanningTime" : 1186856300,
      "timeProcessingUpToDateFiles" : 480338400,
      "timeUpdatingContentLessIndexes" : 15608500,
      "timeIndexingWithoutContent" : 0
    }, {
      "providerName" : "Library Gradle: it.unimi.dsi:fastutil:7.1.0",
      "numberOfScannedFiles" : 12800,
      "numberOfSkippedFiles" : 0,
      "numberOfFilesForIndexing" : 0,
      "numberOfFilesFullyIndexedByInfrastructureExtensions" : 0,
      "scanningTime" : 1096845100,
      "timeProcessingUpToDateFiles" : 519965800,
      "timeUpdatingContentLessIndexes" : 21048600,
      "timeIndexingWithoutContent" : 0
    }, {
      "providerName" : "JDK 1.8",
      "numberOfScannedFiles" : 43877,
      "numberOfSkippedFiles" : 0,
      "numberOfFilesForIndexing" : 0,
      "numberOfFilesFullyIndexedByInfrastructureExtensions" : 0,
      "scanningTime" : 1047495400,
      "timeProcessingUpToDateFiles" : 373203600,
      "timeUpdatingContentLessIndexes" : 27532700,
      "timeIndexingWithoutContent" : 0
    }, {
      "providerName" : "Library Gradle: com.google.guava:guava:21.0",
      "numberOfScannedFiles" : 2378,
      "numberOfSkippedFiles" : 0,
      "numberOfFilesForIndexing" : 0,
      "numberOfFilesFullyIndexedByInfrastructureExtensions" : 0,
      "scanningTime" : 978755400,
      "timeProcessingUpToDateFiles" : 389496600,
      "timeUpdatingContentLessIndexes" : 10250600,
      "timeIndexingWithoutContent" : 0
    }, {
      "providerName" : "Library Gradle: org.scala-lang:scala-compiler:2.11.1",
      "numberOfScannedFiles" : 8708,
      "numberOfSkippedFiles" : 0,
      "numberOfFilesForIndexing" : 0,
      "numberOfFilesFullyIndexedByInfrastructureExtensions" : 0,
      "scanningTime" : 780740500,
      "timeProcessingUpToDateFiles" : 397246700,
      "timeUpdatingContentLessIndexes" : 18141800,
      "timeIndexingWithoutContent" : 0
    }, {
      "providerName" : "Library Gradle: com.ibm.icu:icu4j-core-mojang:51.2",
      "numberOfScannedFiles" : 1282,
      "numberOfSkippedFiles" : 0,
      "numberOfFilesForIndexing" : 0,
      "numberOfFilesFullyIndexedByInfrastructureExtensions" : 0,
      "scanningTime" : 750968000,
      "timeProcessingUpToDateFiles" : 249415500,
      "timeUpdatingContentLessIndexes" : 4756100,
      "timeIndexingWithoutContent" : 0
    }, {
      "providerName" : "Library Gradle: org.scala-lang:scala-library:2.11.1",
      "numberOfScannedFiles" : 4443,
      "numberOfSkippedFiles" : 0,
      "numberOfFilesForIndexing" : 0,
      "numberOfFilesFullyIndexedByInfrastructureExtensions" : 0,
      "scanningTime" : 663323400,
      "timeProcessingUpToDateFiles" : 397718300,
      "timeUpdatingContentLessIndexes" : 11679200,
      "timeIndexingWithoutContent" : 0
    }, {
      "providerName" : "Library Gradle: net.java.dev.jna:platform:3.4.0",
      "numberOfScannedFiles" : 561,
      "numberOfSkippedFiles" : 0,
      "numberOfFilesForIndexing" : 0,
      "numberOfFilesFullyIndexedByInfrastructureExtensions" : 0,
      "scanningTime" : 585677600,
      "timeProcessingUpToDateFiles" : 94321200,
      "timeUpdatingContentLessIndexes" : 2408200,
      "timeIndexingWithoutContent" : 0
    }, {
      "providerName" : "Library Gradle: org.scala-lang:scala-reflect:2.11.1",
      "numberOfScannedFiles" : 2925,
      "numberOfSkippedFiles" : 0,
      "numberOfFilesForIndexing" : 0,
      "numberOfFilesFullyIndexedByInfrastructureExtensions" : 0,
      "scanningTime" : 560423800,
      "timeProcessingUpToDateFiles" : 367423600,
      "timeUpdatingContentLessIndexes" : 10306100,
      "timeIndexingWithoutContent" : 0
    }, {
      "providerName" : "Library Gradle: com.typesafe.akka:akka-actor_2.11:2.3.3",
      "numberOfScannedFiles" : 1802,
      "numberOfSkippedFiles" : 0,
      "numberOfFilesForIndexing" : 0,
      "numberOfFilesFullyIndexedByInfrastructureExtensions" : 0,
      "scanningTime" : 458030900,
      "timeProcessingUpToDateFiles" : 289189700,
      "timeUpdatingContentLessIndexes" : 7529300,
      "timeIndexingWithoutContent" : 0
    }, {
      "providerName" : "Library Gradle: org.lwjgl.lwjgl:lwjgl:2.9.4-nightly-20150209",
      "numberOfScannedFiles" : 1253,
      "numberOfSkippedFiles" : 0,
      "numberOfFilesForIndexing" : 0,
      "numberOfFilesFullyIndexedByInfrastructureExtensions" : 0,
      "scanningTime" : 428717500,
      "timeProcessingUpToDateFiles" : 217447700,
      "timeUpdatingContentLessIndexes" : 4621500,
      "timeIndexingWithoutContent" : 0
    }, {
      "providerName" : "Library Gradle: net.java.dev.jna:jna:4.4.0",
      "numberOfScannedFiles" : 184,
      "numberOfSkippedFiles" : 0,
      "numberOfFilesForIndexing" : 0,
      "numberOfFilesFullyIndexedByInfrastructureExtensions" : 0,
      "scanningTime" : 425338800,
      "timeProcessingUpToDateFiles" : 36163600,
      "timeUpdatingContentLessIndexes" : 860300,
      "timeIndexingWithoutContent" : 0
    }, {
      "providerName" : "Library Gradle: org.apache.logging.log4j:log4j-core:2.8.1",
      "numberOfScannedFiles" : 1559,
      "numberOfSkippedFiles" : 0,
      "numberOfFilesForIndexing" : 0,
      "numberOfFilesFullyIndexedByInfrastructureExtensions" : 0,
      "scanningTime" : 416578800,
      "timeProcessingUpToDateFiles" : 262824900,
      "timeUpdatingContentLessIndexes" : 6712400,
      "timeIndexingWithoutContent" : 0
    }, {
      "providerName" : "Library Gradle: net.sf.trove4j:trove4j:3.0.3",
      "numberOfScannedFiles" : 2289,
      "numberOfSkippedFiles" : 0,
      "numberOfFilesForIndexing" : 0,
      "numberOfFilesFullyIndexedByInfrastructureExtensions" : 0,
      "scanningTime" : 396542400,
      "timeProcessingUpToDateFiles" : 238886600,
      "timeUpdatingContentLessIndexes" : 9766800,
      "timeIndexingWithoutContent" : 0
    }, {
      "providerName" : "Library Gradle: net.sf.jopt-simple:jopt-simple:5.0.3",
      "numberOfScannedFiles" : 117,
      "numberOfSkippedFiles" : 0,
      "numberOfFilesForIndexing" : 0,
      "numberOfFilesFullyIndexedByInfrastructureExtensions" : 0,
      "scanningTime" : 392138200,
      "timeProcessingUpToDateFiles" : 29257400,
      "timeUpdatingContentLessIndexes" : 535300,
      "timeIndexingWithoutContent" : 0
    }, {
      "providerName" : "Library compileDummy.jar",
      "numberOfScannedFiles" : 1,
      "numberOfSkippedFiles" : 0,
      "numberOfFilesForIndexing" : 0,
      "numberOfFilesFullyIndexedByInfrastructureExtensions" : 0,
      "scanningTime" : 391705900,
      "timeProcessingUpToDateFiles" : 15200,
      "timeUpdatingContentLessIndexes" : 7800,
      "timeIndexingWithoutContent" : 0
    }, {
      "providerName" : "Library Gradle: org.apache.commons:commons-lang3:3.5",
      "numberOfScannedFiles" : 413,
      "numberOfSkippedFiles" : 0,
      "numberOfFilesForIndexing" : 0,
      "numberOfFilesFullyIndexedByInfrastructureExtensions" : 0,
      "scanningTime" : 347231400,
      "timeProcessingUpToDateFiles" : 69949300,
      "timeUpdatingContentLessIndexes" : 1785700,
      "timeIndexingWithoutContent" : 0
    }, {
      "providerName" : "Library Gradle: com.google.code.findbugs:jsr305:3.0.1",
      "numberOfScannedFiles" : 70,
      "numberOfSkippedFiles" : 0,
      "numberOfFilesForIndexing" : 0,
      "numberOfFilesFullyIndexedByInfrastructureExtensions" : 0,
      "scanningTime" : 339602400,
      "timeProcessingUpToDateFiles" : 23628200,
      "timeUpdatingContentLessIndexes" : 485400,
      "timeIndexingWithoutContent" : 0
    }, {
      "providerName" : "Library Gradle: com.mojang:authlib:1.5.25",
      "numberOfScannedFiles" : 106,
      "numberOfSkippedFiles" : 0,
      "numberOfFilesForIndexing" : 0,
      "numberOfFilesFullyIndexedByInfrastructureExtensions" : 0,
      "scanningTime" : 335297700,
      "timeProcessingUpToDateFiles" : 31819800,
      "timeUpdatingContentLessIndexes" : 518000,
      "timeIndexingWithoutContent" : 0
    }, {
      "providerName" : "Library Gradle: org.apache.httpcomponents:httpclient:4.3.3",
      "numberOfScannedFiles" : 825,
      "numberOfSkippedFiles" : 0,
      "numberOfFilesForIndexing" : 0,
      "numberOfFilesFullyIndexedByInfrastructureExtensions" : 0,
      "scanningTime" : 293670800,
      "timeProcessingUpToDateFiles" : 136492000,
      "timeUpdatingContentLessIndexes" : 3036100,
      "timeIndexingWithoutContent" : 0
    }, {
      "providerName" : "Library Gradle: net.minecraft:launchwrapper:1.12",
      "numberOfScannedFiles" : 37,
      "numberOfSkippedFiles" : 0,
      "numberOfFilesForIndexing" : 0,
      "numberOfFilesFullyIndexedByInfrastructureExtensions" : 0,
      "scanningTime" : 284110500,
      "timeProcessingUpToDateFiles" : 19268200,
      "timeUpdatingContentLessIndexes" : 169000,
      "timeIndexingWithoutContent" : 0
    }, {
      "providerName" : "Library Gradle: commons-io:commons-io:2.5",
      "numberOfScannedFiles" : 254,
      "numberOfSkippedFiles" : 0,
      "numberOfFilesForIndexing" : 0,
      "numberOfFilesFullyIndexedByInfrastructureExtensions" : 0,
      "scanningTime" : 268324800,
      "timeProcessingUpToDateFiles" : 52115800,
      "timeUpdatingContentLessIndexes" : 1035600,
      "timeIndexingWithoutContent" : 0
    }, {
      "providerName" : "Library Gradle: oshi-project:oshi-core:1.1",
      "numberOfScannedFiles" : 57,
      "numberOfSkippedFiles" : 0,
      "numberOfFilesForIndexing" : 0,
      "numberOfFilesFullyIndexedByInfrastructureExtensions" : 0,
      "scanningTime" : 259962100,
      "timeProcessingUpToDateFiles" : 25173200,
      "timeUpdatingContentLessIndexes" : 260800,
      "timeIndexingWithoutContent" : 0
    }, {
      "providerName" : "Library Gradle: org.scala-lang.modules:scala-swing_2.11:1.0.1",
      "numberOfScannedFiles" : 581,
      "numberOfSkippedFiles" : 0,
      "numberOfFilesForIndexing" : 0,
      "numberOfFilesFullyIndexedByInfrastructureExtensions" : 0,
      "scanningTime" : 253666600,
      "timeProcessingUpToDateFiles" : 100347000,
      "timeUpdatingContentLessIndexes" : 2240500,
      "timeIndexingWithoutContent" : 0
    }, {
      "providerName" : "Library Gradle: commons-codec:commons-codec:1.10",
      "numberOfScannedFiles" : 423,
      "numberOfSkippedFiles" : 0,
      "numberOfFilesForIndexing" : 0,
      "numberOfFilesFullyIndexedByInfrastructureExtensions" : 0,
      "scanningTime" : 220590100,
      "timeProcessingUpToDateFiles" : 64131900,
      "timeUpdatingContentLessIndexes" : 1801200,
      "timeIndexingWithoutContent" : 0
    }, {
      "providerName" : "Library Gradle: org.spongepowered:mixin:0.8-SNAPSHOT",
      "numberOfScannedFiles" : 882,
      "numberOfSkippedFiles" : 0,
      "numberOfFilesForIndexing" : 0,
      "numberOfFilesFullyIndexedByInfrastructureExtensions" : 0,
      "scanningTime" : 203005900,
      "timeProcessingUpToDateFiles" : 132393300,
      "timeUpdatingContentLessIndexes" : 4565700,
      "timeIndexingWithoutContent" : 0
    }, {
      "providerName" : "Library Gradle: org.apache.httpcomponents:httpcore:4.3.2",
      "numberOfScannedFiles" : 483,
      "numberOfSkippedFiles" : 0,
      "numberOfFilesForIndexing" : 0,
      "numberOfFilesFullyIndexedByInfrastructureExtensions" : 0,
      "scanningTime" : 202746400,
      "timeProcessingUpToDateFiles" : 77819200,
      "timeUpdatingContentLessIndexes" : 1658800,
      "timeIndexingWithoutContent" : 0
    }, {
      "providerName" : "Library Gradle: org.apache.commons:commons-compress:1.8.1",
      "numberOfScannedFiles" : 360,
      "numberOfSkippedFiles" : 0,
      "numberOfFilesForIndexing" : 0,
      "numberOfFilesFullyIndexedByInfrastructureExtensions" : 0,
      "scanningTime" : 162366100,
      "timeProcessingUpToDateFiles" : 64618300,
      "timeUpdatingContentLessIndexes" : 1616700,
      "timeIndexingWithoutContent" : 0
    }, {
      "providerName" : "Library Gradle: org.scala-lang.modules:scala-xml_2.11:1.0.2",
      "numberOfScannedFiles" : 508,
      "numberOfSkippedFiles" : 0,
      "numberOfFilesForIndexing" : 0,
      "numberOfFilesFullyIndexedByInfrastructureExtensions" : 0,
      "scanningTime" : 147788000,
      "timeProcessingUpToDateFiles" : 87613500,
      "timeUpdatingContentLessIndexes" : 1897400,
      "timeIndexingWithoutContent" : 0
    }, {
      "providerName" : "Library Gradle: org.jline:jline:3.5.1",
      "numberOfScannedFiles" : 437,
      "numberOfSkippedFiles" : 0,
      "numberOfFilesForIndexing" : 0,
      "numberOfFilesFullyIndexedByInfrastructureExtensions" : 0,
      "scanningTime" : 147308700,
      "timeProcessingUpToDateFiles" : 70363300,
      "timeUpdatingContentLessIndexes" : 1412600,
      "timeIndexingWithoutContent" : 0
    }, {
      "providerName" : "Module 'ModernIndustry.main'",
      "numberOfScannedFiles" : 511,
      "numberOfSkippedFiles" : 0,
      "numberOfFilesForIndexing" : 0,
      "numberOfFilesFullyIndexedByInfrastructureExtensions" : 0,
      "scanningTime" : 145379900,
      "timeProcessingUpToDateFiles" : 70711900,
      "timeUpdatingContentLessIndexes" : 2386700,
      "timeIndexingWithoutContent" : 0
    }, {
      "providerName" : "Library Gradle: org.apache.maven:maven-artifact:3.5.3",
      "numberOfScannedFiles" : 71,
      "numberOfSkippedFiles" : 0,
      "numberOfFilesForIndexing" : 0,
      "numberOfFilesFullyIndexedByInfrastructureExtensions" : 0,
      "scanningTime" : 141798000,
      "timeProcessingUpToDateFiles" : 20568500,
      "timeUpdatingContentLessIndexes" : 256300,
      "timeIndexingWithoutContent" : 0
    }, {
      "providerName" : "Library Gradle: net.java.jinput:jinput:2.0.5",
      "numberOfScannedFiles" : 302,
      "numberOfSkippedFiles" : 0,
      "numberOfFilesForIndexing" : 0,
      "numberOfFilesFullyIndexedByInfrastructureExtensions" : 0,
      "scanningTime" : 139462700,
      "timeProcessingUpToDateFiles" : 54617600,
      "timeUpdatingContentLessIndexes" : 1280500,
      "timeIndexingWithoutContent" : 0
    }, {
      "providerName" : "Library Gradle: com.google.code.gson:gson:2.8.0",
      "numberOfScannedFiles" : 245,
      "numberOfSkippedFiles" : 0,
      "numberOfFilesForIndexing" : 0,
      "numberOfFilesFullyIndexedByInfrastructureExtensions" : 0,
      "scanningTime" : 119635200,
      "timeProcessingUpToDateFiles" : 44522600,
      "timeUpdatingContentLessIndexes" : 1053000,
      "timeIndexingWithoutContent" : 0
    }, {
      "providerName" : "Library Gradle: org.scala-lang.modules:scala-parser-combinators_2.11:1.0.1",
      "numberOfScannedFiles" : 375,
      "numberOfSkippedFiles" : 0,
      "numberOfFilesForIndexing" : 0,
      "numberOfFilesFullyIndexedByInfrastructureExtensions" : 0,
      "scanningTime" : 115430800,
      "timeProcessingUpToDateFiles" : 61296600,
      "timeUpdatingContentLessIndexes" : 1351300,
      "timeIndexingWithoutContent" : 0
    }, {
      "providerName" : "Library providedDummy.jar",
      "numberOfScannedFiles" : 1,
      "numberOfSkippedFiles" : 0,
      "numberOfFilesForIndexing" : 0,
      "numberOfFilesFullyIndexedByInfrastructureExtensions" : 0,
      "scanningTime" : 112878600,
      "timeProcessingUpToDateFiles" : 1253800,
      "timeUpdatingContentLessIndexes" : 13700,
      "timeIndexingWithoutContent" : 0
    }, {
      "providerName" : "Library Gradle: com.mojang:patchy:1.1",
      "numberOfScannedFiles" : 12,
      "numberOfSkippedFiles" : 0,
      "numberOfFilesForIndexing" : 0,
      "numberOfFilesFullyIndexedByInfrastructureExtensions" : 0,
      "scanningTime" : 108572100,
      "timeProcessingUpToDateFiles" : 2881000,
      "timeUpdatingContentLessIndexes" : 86000,
      "timeIndexingWithoutContent" : 0
    }, {
      "providerName" : "Library Gradle: org.scala-lang:scala-actors:2.11.0",
      "numberOfScannedFiles" : 417,
      "numberOfSkippedFiles" : 0,
      "numberOfFilesForIndexing" : 0,
      "numberOfFilesFullyIndexedByInfrastructureExtensions" : 0,
      "scanningTime" : 107787200,
      "timeProcessingUpToDateFiles" : 69599100,
      "timeUpdatingContentLessIndexes" : 1731900,
      "timeIndexingWithoutContent" : 0
    }, {
      "providerName" : "Library Gradle: com.mojang:realms:1.10.22",
      "numberOfScannedFiles" : 226,
      "numberOfSkippedFiles" : 0,
      "numberOfFilesForIndexing" : 0,
      "numberOfFilesFullyIndexedByInfrastructureExtensions" : 0,
      "scanningTime" : 105325200,
      "timeProcessingUpToDateFiles" : 42645700,
      "timeUpdatingContentLessIndexes" : 979000,
      "timeIndexingWithoutContent" : 0
    }, {
      "providerName" : "Library Gradle: org.apache.logging.log4j:log4j-api:2.8.1",
      "numberOfScannedFiles" : 269,
      "numberOfSkippedFiles" : 0,
      "numberOfFilesForIndexing" : 0,
      "numberOfFilesFullyIndexedByInfrastructureExtensions" : 0,
      "scanningTime" : 96792200,
      "timeProcessingUpToDateFiles" : 39095000,
      "timeUpdatingContentLessIndexes" : 810400,
      "timeIndexingWithoutContent" : 0
    }, {
      "providerName" : "Library Gradle: org.ow2.asm:asm-debug-all:5.2",
      "numberOfScannedFiles" : 322,
      "numberOfSkippedFiles" : 0,
      "numberOfFilesForIndexing" : 0,
      "numberOfFilesFullyIndexedByInfrastructureExtensions" : 0,
      "scanningTime" : 79903300,
      "timeProcessingUpToDateFiles" : 51985600,
      "timeUpdatingContentLessIndexes" : 1003600,
      "timeIndexingWithoutContent" : 0
    }, {
      "providerName" : "Library Gradle: com.mojang:text2speech:1.10.3",
      "numberOfScannedFiles" : 20,
      "numberOfSkippedFiles" : 0,
      "numberOfFilesForIndexing" : 0,
      "numberOfFilesFullyIndexedByInfrastructureExtensions" : 0,
      "scanningTime" : 74465800,
      "timeProcessingUpToDateFiles" : 8972600,
      "timeUpdatingContentLessIndexes" : 164600,
      "timeIndexingWithoutContent" : 0
    }, {
      "providerName" : "Library Gradle: org.codehaus.plexus:plexus-utils:3.1.0",
      "numberOfScannedFiles" : 201,
      "numberOfSkippedFiles" : 0,
      "numberOfFilesForIndexing" : 0,
      "numberOfFilesFullyIndexedByInfrastructureExtensions" : 0,
      "scanningTime" : 71852000,
      "timeProcessingUpToDateFiles" : 54099800,
      "timeUpdatingContentLessIndexes" : 773400,
      "timeIndexingWithoutContent" : 0
    }, {
      "providerName" : "Library Gradle: org.lwjgl.lwjgl:lwjgl_util:2.9.4-nightly-20150209",
      "numberOfScannedFiles" : 205,
      "numberOfSkippedFiles" : 0,
      "numberOfFilesForIndexing" : 0,
      "numberOfFilesFullyIndexedByInfrastructureExtensions" : 0,
      "scanningTime" : 70011900,
      "timeProcessingUpToDateFiles" : 35067100,
      "timeUpdatingContentLessIndexes" : 1001200,
      "timeIndexingWithoutContent" : 0
    }, {
      "providerName" : "Library Gradle: com.typesafe:config:1.2.1",
      "numberOfScannedFiles" : 203,
      "numberOfSkippedFiles" : 0,
      "numberOfFilesForIndexing" : 0,
      "numberOfFilesFullyIndexedByInfrastructureExtensions" : 0,
      "scanningTime" : 49459500,
      "timeProcessingUpToDateFiles" : 33734500,
      "timeUpdatingContentLessIndexes" : 638700,
      "timeIndexingWithoutContent" : 0
    }, {
      "providerName" : "Indexable set contributor 'com.intellij.javaee.ExternalResourcesRootsProvider@437bb376' (non-project)",
      "numberOfScannedFiles" : 217,
      "numberOfSkippedFiles" : 4,
      "numberOfFilesForIndexing" : 0,
      "numberOfFilesFullyIndexedByInfrastructureExtensions" : 0,
      "scanningTime" : 47296300,
      "timeProcessingUpToDateFiles" : 30472000,
      "timeUpdatingContentLessIndexes" : 1117000,
      "timeIndexingWithoutContent" : 0
    }, {
      "providerName" : "Module 'ModernIndustry'",
      "numberOfScannedFiles" : 20,
      "numberOfSkippedFiles" : 0,
      "numberOfFilesForIndexing" : 0,
      "numberOfFilesFullyIndexedByInfrastructureExtensions" : 0,
      "scanningTime" : 45349800,
      "timeProcessingUpToDateFiles" : 1877100,
      "timeUpdatingContentLessIndexes" : 26219100,
      "timeIndexingWithoutContent" : 0
    }, {
      "providerName" : "Library Gradle: org.scala-lang.plugins:scala-continuations-plugin_2.11.1:1.0.2",
      "numberOfScannedFiles" : 144,
      "numberOfSkippedFiles" : 0,
      "numberOfFilesForIndexing" : 0,
      "numberOfFilesFullyIndexedByInfrastructureExtensions" : 0,
      "scanningTime" : 34759900,
      "timeProcessingUpToDateFiles" : 23826200,
      "timeUpdatingContentLessIndexes" : 470100,
      "timeIndexingWithoutContent" : 0
    }, {
      "providerName" : "Library Gradle: java3d:vecmath:1.5.2",
      "numberOfScannedFiles" : 105,
      "numberOfSkippedFiles" : 0,
      "numberOfFilesForIndexing" : 0,
      "numberOfFilesFullyIndexedByInfrastructureExtensions" : 0,
      "scanningTime" : 33858800,
      "timeProcessingUpToDateFiles" : 20490500,
      "timeUpdatingContentLessIndexes" : 721800,
      "timeIndexingWithoutContent" : 0
    }, {
      "providerName" : "Library Gradle: com.paulscode:codecjorbis:20101023",
      "numberOfScannedFiles" : 89,
      "numberOfSkippedFiles" : 0,
      "numberOfFilesForIndexing" : 0,
      "numberOfFilesFullyIndexedByInfrastructureExtensions" : 0,
      "scanningTime" : 22122100,
      "timeProcessingUpToDateFiles" : 14258900,
      "timeUpdatingContentLessIndexes" : 380500,
      "timeIndexingWithoutContent" : 0
    }, {
      "providerName" : "Library Gradle: commons-logging:commons-logging:1.1.3",
      "numberOfScannedFiles" : 53,
      "numberOfSkippedFiles" : 0,
      "numberOfFilesForIndexing" : 0,
      "numberOfFilesFullyIndexedByInfrastructureExtensions" : 0,
      "scanningTime" : 14682200,
      "timeProcessingUpToDateFiles" : 9489400,
      "timeUpdatingContentLessIndexes" : 221100,
      "timeIndexingWithoutContent" : 0
    }, {
      "providerName" : "Library Gradle: ca.weblite:java-objc-bridge:1.0.0",
      "numberOfScannedFiles" : 50,
      "numberOfSkippedFiles" : 0,
      "numberOfFilesForIndexing" : 0,
      "numberOfFilesFullyIndexedByInfrastructureExtensions" : 0,
      "scanningTime" : 13810300,
      "timeProcessingUpToDateFiles" : 8945400,
      "timeUpdatingContentLessIndexes" : 222200,
      "timeIndexingWithoutContent" : 0
    }, {
      "providerName" : "Library Gradle: com.paulscode:soundsystem:20120107",
      "numberOfScannedFiles" : 45,
      "numberOfSkippedFiles" : 0,
      "numberOfFilesForIndexing" : 0,
      "numberOfFilesFullyIndexedByInfrastructureExtensions" : 0,
      "scanningTime" : 11244000,
      "timeProcessingUpToDateFiles" : 7546800,
      "timeUpdatingContentLessIndexes" : 192100,
      "timeIndexingWithoutContent" : 0
    }, {
      "providerName" : "Library Gradle: org.scala-lang:scala-actors-migration_2.11:1.1.0",
      "numberOfScannedFiles" : 44,
      "numberOfSkippedFiles" : 0,
      "numberOfFilesForIndexing" : 0,
      "numberOfFilesFullyIndexedByInfrastructureExtensions" : 0,
      "scanningTime" : 10855800,
      "timeProcessingUpToDateFiles" : 7219700,
      "timeUpdatingContentLessIndexes" : 136000,
      "timeIndexingWithoutContent" : 0
    }, {
      "providerName" : "Library Gradle: org.scala-lang.plugins:scala-continuations-library_2.11:1.0.2",
      "numberOfScannedFiles" : 29,
      "numberOfSkippedFiles" : 0,
      "numberOfFilesForIndexing" : 0,
      "numberOfFilesFullyIndexedByInfrastructureExtensions" : 0,
      "scanningTime" : 7463900,
      "timeProcessingUpToDateFiles" : 5199500,
      "timeUpdatingContentLessIndexes" : 92600,
      "timeIndexingWithoutContent" : 0
    }, {
      "providerName" : "Library start",
      "numberOfScannedFiles" : 16,
      "numberOfSkippedFiles" : 0,
      "numberOfFilesForIndexing" : 0,
      "numberOfFilesFullyIndexedByInfrastructureExtensions" : 0,
      "scanningTime" : 4258400,
      "timeProcessingUpToDateFiles" : 2356200,
      "timeUpdatingContentLessIndexes" : 45100,
      "timeIndexingWithoutContent" : 0
    }, {
      "providerName" : "Library Gradle: com.paulscode:libraryjavasound:20101123",
      "numberOfScannedFiles" : 12,
      "numberOfSkippedFiles" : 0,
      "numberOfFilesForIndexing" : 0,
      "numberOfFilesFullyIndexedByInfrastructureExtensions" : 0,
      "scanningTime" : 3047900,
      "timeProcessingUpToDateFiles" : 2012900,
      "timeUpdatingContentLessIndexes" : 50800,
      "timeIndexingWithoutContent" : 0
    }, {
      "providerName" : "Library Gradle: net.java.jutils:jutils:1.0.0",
      "numberOfScannedFiles" : 12,
      "numberOfSkippedFiles" : 0,
      "numberOfFilesForIndexing" : 0,
      "numberOfFilesFullyIndexedByInfrastructureExtensions" : 0,
      "scanningTime" : 2958400,
      "timeProcessingUpToDateFiles" : 1889200,
      "timeUpdatingContentLessIndexes" : 50900,
      "timeIndexingWithoutContent" : 0
    }, {
      "providerName" : "Library Gradle: com.paulscode:librarylwjglopenal:20100824",
      "numberOfScannedFiles" : 11,
      "numberOfSkippedFiles" : 0,
      "numberOfFilesForIndexing" : 0,
      "numberOfFilesFullyIndexedByInfrastructureExtensions" : 0,
      "scanningTime" : 2871000,
      "timeProcessingUpToDateFiles" : 1755800,
      "timeUpdatingContentLessIndexes" : 45800,
      "timeIndexingWithoutContent" : 0
    }, {
      "providerName" : "Indexable set contributor 'Scratches & Consoles' (non-project)",
      "numberOfScannedFiles" : 1,
      "numberOfSkippedFiles" : 0,
      "numberOfFilesForIndexing" : 0,
      "numberOfFilesFullyIndexedByInfrastructureExtensions" : 0,
      "scanningTime" : 1764200,
      "timeProcessingUpToDateFiles" : 182200,
      "timeUpdatingContentLessIndexes" : 4400,
      "timeIndexingWithoutContent" : 0
    }, {
      "providerName" : "Library Gradle: com.paulscode:codecwav:20101023",
      "numberOfScannedFiles" : 6,
      "numberOfSkippedFiles" : 0,
      "numberOfFilesForIndexing" : 0,
      "numberOfFilesFullyIndexedByInfrastructureExtensions" : 0,
      "scanningTime" : 1560800,
      "timeProcessingUpToDateFiles" : 956200,
      "timeUpdatingContentLessIndexes" : 22600,
      "timeIndexingWithoutContent" : 0
    }, {
      "providerName" : "Library Gradle: org.lwjgl.lwjgl:lwjgl-platform:natives-linux:2.9.4-nightly-20150209",
      "numberOfScannedFiles" : 5,
      "numberOfSkippedFiles" : 0,
      "numberOfFilesForIndexing" : 0,
      "numberOfFilesFullyIndexedByInfrastructureExtensions" : 0,
      "scanningTime" : 1492100,
      "timeProcessingUpToDateFiles" : 996600,
      "timeUpdatingContentLessIndexes" : 16800,
      "timeIndexingWithoutContent" : 0
    }, {
      "providerName" : "Library Gradle: org.lwjgl.lwjgl:lwjgl-platform:natives-windows:2.9.4-nightly-20150209",
      "numberOfScannedFiles" : 5,
      "numberOfSkippedFiles" : 0,
      "numberOfFilesForIndexing" : 0,
      "numberOfFilesFullyIndexedByInfrastructureExtensions" : 0,
      "scanningTime" : 1054500,
      "timeProcessingUpToDateFiles" : 761500,
      "timeUpdatingContentLessIndexes" : 19200,
      "timeIndexingWithoutContent" : 0
    }, {
      "providerName" : "Library Gradle: net.java.jinput:jinput-platform:natives-windows:2.0.5",
      "numberOfScannedFiles" : 5,
      "numberOfSkippedFiles" : 0,
      "numberOfFilesForIndexing" : 0,
      "numberOfFilesFullyIndexedByInfrastructureExtensions" : 0,
      "scanningTime" : 934600,
      "timeProcessingUpToDateFiles" : 658100,
      "timeUpdatingContentLessIndexes" : 17900,
      "timeIndexingWithoutContent" : 0
    }, {
      "providerName" : "Library Gradle: lzma:lzma:0.0.1",
      "numberOfScannedFiles" : 4,
      "numberOfSkippedFiles" : 0,
      "numberOfFilesForIndexing" : 0,
      "numberOfFilesFullyIndexedByInfrastructureExtensions" : 0,
      "scanningTime" : 798900,
      "timeProcessingUpToDateFiles" : 482500,
      "timeUpdatingContentLessIndexes" : 14900,
      "timeIndexingWithoutContent" : 0
    }, {
      "providerName" : "Library Gradle: org.lwjgl.lwjgl:lwjgl-platform:natives-osx:2.9.4-nightly-20150209",
      "numberOfScannedFiles" : 3,
      "numberOfSkippedFiles" : 0,
      "numberOfFilesForIndexing" : 0,
      "numberOfFilesFullyIndexedByInfrastructureExtensions" : 0,
      "scanningTime" : 610800,
      "timeProcessingUpToDateFiles" : 434200,
      "timeUpdatingContentLessIndexes" : 14500,
      "timeIndexingWithoutContent" : 0
    }, {
      "providerName" : "Library Gradle: net.java.jinput:jinput-platform:natives-linux:2.0.5",
      "numberOfScannedFiles" : 2,
      "numberOfSkippedFiles" : 0,
      "numberOfFilesForIndexing" : 0,
      "numberOfFilesFullyIndexedByInfrastructureExtensions" : 0,
      "scanningTime" : 413200,
      "timeProcessingUpToDateFiles" : 299400,
      "timeUpdatingContentLessIndexes" : 9700,
      "timeIndexingWithoutContent" : 0
    }, {
      "providerName" : "Library Gradle: net.java.jinput:jinput-platform:natives-osx:2.0.5",
      "numberOfScannedFiles" : 1,
      "numberOfSkippedFiles" : 0,
      "numberOfFilesForIndexing" : 0,
      "numberOfFilesFullyIndexedByInfrastructureExtensions" : 0,
      "scanningTime" : 339500,
      "timeProcessingUpToDateFiles" : 285700,
      "timeUpdatingContentLessIndexes" : 4800,
      "timeIndexingWithoutContent" : 0
    }, {
      "providerName" : "Library compileDummy.jar",
      "numberOfScannedFiles" : 0,
      "numberOfSkippedFiles" : 1,
      "numberOfFilesForIndexing" : 0,
      "numberOfFilesFullyIndexedByInfrastructureExtensions" : 0,
      "scanningTime" : 0,
      "timeProcessingUpToDateFiles" : 0,
      "timeUpdatingContentLessIndexes" : 0,
      "timeIndexingWithoutContent" : 0
    }, {
      "providerName" : "Library providedDummy.jar",
      "numberOfScannedFiles" : 0,
      "numberOfSkippedFiles" : 1,
      "numberOfFilesForIndexing" : 0,
      "numberOfFilesFullyIndexedByInfrastructureExtensions" : 0,
      "scanningTime" : 0,
      "timeProcessingUpToDateFiles" : 0,
      "timeUpdatingContentLessIndexes" : 0,
      "timeIndexingWithoutContent" : 0
    }, {
      "providerName" : "Library compileDummy.jar",
      "numberOfScannedFiles" : 0,
      "numberOfSkippedFiles" : 1,
      "numberOfFilesForIndexing" : 0,
      "numberOfFilesFullyIndexedByInfrastructureExtensions" : 0,
      "scanningTime" : 0,
      "timeProcessingUpToDateFiles" : 0,
      "timeUpdatingContentLessIndexes" : 0,
      "timeIndexingWithoutContent" : 0
    }, {
      "providerName" : "Library providedDummy.jar",
      "numberOfScannedFiles" : 0,
      "numberOfSkippedFiles" : 1,
      "numberOfFilesForIndexing" : 0,
      "numberOfFilesFullyIndexedByInfrastructureExtensions" : 0,
      "scanningTime" : 0,
      "timeProcessingUpToDateFiles" : 0,
      "timeUpdatingContentLessIndexes" : 0,
      "timeIndexingWithoutContent" : 0
    }, {
      "providerName" : "Indexable set contributor 'Scratches & Consoles' (project)",
      "numberOfScannedFiles" : 0,
      "numberOfSkippedFiles" : 0,
      "numberOfFilesForIndexing" : 0,
      "numberOfFilesFullyIndexedByInfrastructureExtensions" : 0,
      "scanningTime" : 0,
      "timeProcessingUpToDateFiles" : 0,
      "timeUpdatingContentLessIndexes" : 0,
      "timeIndexingWithoutContent" : 0
    }, {
      "providerName" : "Indexable set contributor 'com.intellij.javaee.ExternalResourcesRootsProvider@437bb376' (project)",
      "numberOfScannedFiles" : 0,
      "numberOfSkippedFiles" : 0,
      "numberOfFilesForIndexing" : 0,
      "numberOfFilesFullyIndexedByInfrastructureExtensions" : 0,
      "scanningTime" : 0,
      "timeProcessingUpToDateFiles" : 0,
      "timeUpdatingContentLessIndexes" : 0,
      "timeIndexingWithoutContent" : 0
    } ],
    "fileProviderStatistics" : [ ]
  }
}