{
  "appInfo" : {
    "build" : "212.5457.46",
    "buildDate" : "2021-10-12T13:22:18.598Z[UTC]",
    "productCode" : "IC",
    "generated" : "2021-10-17T01:40:32.5022407Z",
    "os" : "Windows 10 10.0",
    "runtime" : "JetBrains s.r.o. 11.0.12 11.0.12+7-b1504.40"
  },
  "runtimeInfo" : {
    "maxMemory" : 2147483648,
    "numberOfProcessors" : 16,
    "maxNumberOfIndexingThreads" : 4,
    "maxSizeOfFileForIntelliSense" : 2560000,
    "maxSizeOfFileForContentLoading" : 20971520
  },
  "projectIndexingHistory" : {
    "projectName" : "ModernIndustry",
    "times" : {
      "indexingReason" : "On refresh of 217 files",
      "totalUpdatingTime" : 1176967600,
      "indexingTime" : 1151923200,
      "contentLoadingTime" : 8348124,
      "scanFilesTime" : 156701000,
      "pushPropertiesTime" : 0,
      "indexExtensionsTime" : 0,
      "updatingStart" : "2021-10-17T01:40:31.3233109Z",
      "updatingEnd" : "2021-10-17T01:40:32.5002394Z",
      "totalSuspendedTime" : 0,
      "wasInterrupted" : false
    },
    "fileCount" : {
      "numberOfFileProviders" : 1,
      "numberOfScannedFiles" : 217,
      "numberOfFilesIndexedByInfrastructureExtensionsDuringScan" : 0,
      "numberOfFilesScheduledForIndexingAfterScan" : 217,
      "numberOfFilesIndexedByInfrastructureExtensionsDuringIndexingStage" : 0,
      "numberOfFilesIndexedWithLoadingContent" : 217
    },
    "totalStatsPerFileType" : [ {
      "fileType" : "XML",
      "partOfTotalProcessingTime" : {
        "part" : 2245502600,
        "total" : 4540511700
      },
      "partOfTotalContentLoadingTime" : {
        "part" : 7818900,
        "total" : 32993300
      },
      "totalNumberOfFiles" : 18,
      "totalFilesSize" : 856829,
      "indexingSpeed" : {
        "totalBytes" : 856829,
        "totalTime" : 2245502600
      },
      "biggestContributors" : [ {
        "providerName" : "Refreshed files",
        "numberOfFiles" : 18,
        "totalFilesSize" : 856829,
        "partOfTotalProcessingTimeOfThisFileType" : {
          "part" : 2245502600,
          "total" : 2245502600
        }
      } ]
    }, {
      "fileType" : "RNG Compact",
      "partOfTotalProcessingTime" : {
        "part" : 1498030600,
        "total" : 4540511700
      },
      "partOfTotalContentLoadingTime" : {
        "part" : 16133800,
        "total" : 32993300
      },
      "totalNumberOfFiles" : 124,
      "totalFilesSize" : 468783,
      "indexingSpeed" : {
        "totalBytes" : 468783,
        "totalTime" : 1498030600
      },
      "biggestContributors" : [ {
        "providerName" : "Refreshed files",
        "numberOfFiles" : 124,
        "totalFilesSize" : 468783,
        "partOfTotalProcessingTimeOfThisFileType" : {
          "part" : 1498030600,
          "total" : 1498030600
        }
      } ]
    }, {
      "fileType" : "DTD",
      "partOfTotalProcessingTime" : {
        "part" : 596483600,
        "total" : 4540511700
      },
      "partOfTotalContentLoadingTime" : {
        "part" : 6882000,
        "total" : 32993300
      },
      "totalNumberOfFiles" : 61,
      "totalFilesSize" : 593925,
      "indexingSpeed" : {
        "totalBytes" : 593925,
        "totalTime" : 596483600
      },
      "biggestContributors" : [ {
        "providerName" : "Refreshed files",
        "numberOfFiles" : 61,
        "totalFilesSize" : 593925,
        "partOfTotalProcessingTimeOfThisFileType" : {
          "part" : 596483600,
          "total" : 596483600
        }
      } ]
    }, {
      "fileType" : "JSON",
      "partOfTotalProcessingTime" : {
        "part" : 192134900,
        "total" : 4540511700
      },
      "partOfTotalContentLoadingTime" : {
        "part" : 1058100,
        "total" : 32993300
      },
      "totalNumberOfFiles" : 1,
      "totalFilesSize" : 215462,
      "indexingSpeed" : {
        "totalBytes" : 215462,
        "totalTime" : 192134900
      },
      "biggestContributors" : [ {
        "providerName" : "Refreshed files",
        "numberOfFiles" : 1,
        "totalFilesSize" : 215462,
        "partOfTotalProcessingTimeOfThisFileType" : {
          "part" : 192134900,
          "total" : 192134900
        }
      } ]
    }, {
      "fileType" : "PATCH",
      "partOfTotalProcessingTime" : {
        "part" : 3105700,
        "total" : 4540511700
      },
      "partOfTotalContentLoadingTime" : {
        "part" : 573300,
        "total" : 32993300
      },
      "totalNumberOfFiles" : 8,
      "totalFilesSize" : 4449,
      "indexingSpeed" : {
        "totalBytes" : 4449,
        "totalTime" : 3105700
      },
      "biggestContributors" : [ {
        "providerName" : "Refreshed files",
        "numberOfFiles" : 8,
        "totalFilesSize" : 4449,
        "partOfTotalProcessingTimeOfThisFileType" : {
          "part" : 3105700,
          "total" : 3105700
        }
      } ]
    }, {
      "fileType" : "textmate",
      "partOfTotalProcessingTime" : {
        "part" : 2683800,
        "total" : 4540511700
      },
      "partOfTotalContentLoadingTime" : {
        "part" : 195900,
        "total" : 32993300
      },
      "totalNumberOfFiles" : 3,
      "totalFilesSize" : 2757,
      "indexingSpeed" : {
        "totalBytes" : 2757,
        "totalTime" : 2683800
      },
      "biggestContributors" : [ {
        "providerName" : "Refreshed files",
        "numberOfFiles" : 3,
        "totalFilesSize" : 2757,
        "partOfTotalProcessingTimeOfThisFileType" : {
          "part" : 2683800,
          "total" : 2683800
        }
      } ]
    }, {
      "fileType" : "PLAIN_TEXT",
      "partOfTotalProcessingTime" : {
        "part" : 2570500,
        "total" : 4540511700
      },
      "partOfTotalContentLoadingTime" : {
        "part" : 331300,
        "total" : 32993300
      },
      "totalNumberOfFiles" : 2,
      "totalFilesSize" : 9988,
      "indexingSpeed" : {
        "totalBytes" : 9988,
        "totalTime" : 2570500
      },
      "biggestContributors" : [ {
        "providerName" : "Refreshed files",
        "numberOfFiles" : 2,
        "totalFilesSize" : 9988,
        "partOfTotalProcessingTimeOfThisFileType" : {
          "part" : 2570500,
          "total" : 2570500
        }
      } ]
    } ],
    "totalStatsPerIndexer" : [ {
      "indexId" : "IdIndex",
      "partOfTotalIndexingTime" : {
        "part" : 1627822400,
        "total" : 3118794400
      },
      "totalNumberOfFiles" : 209,
      "totalNumberOfFilesIndexedByExtensions" : 0,
      "totalFilesSize" : 2147744,
      "indexingSpeed" : {
        "totalBytes" : 2147744,
        "totalTime" : 1627822400
      },
      "snapshotInputMappingStats" : {
        "totalRequests" : 0,
        "totalMisses" : 0,
        "totalHits" : 0
      }
    }, {
      "indexId" : "XmlNamespaces",
      "partOfTotalIndexingTime" : {
        "part" : 336177900,
        "total" : 3118794400
      },
      "totalNumberOfFiles" : 17,
      "totalNumberOfFilesIndexedByExtensions" : 0,
      "totalFilesSize" : 832828,
      "indexingSpeed" : {
        "totalBytes" : 832828,
        "totalTime" : 336177900
      },
      "snapshotInputMappingStats" : {
        "totalRequests" : 0,
        "totalMisses" : 0,
        "totalHits" : 0
      }
    }, {
      "indexId" : "SchemaTypeInheritance",
      "partOfTotalIndexingTime" : {
        "part" : 331181300,
        "total" : 3118794400
      },
      "totalNumberOfFiles" : 11,
      "totalNumberOfFilesIndexedByExtensions" : 0,
      "totalFilesSize" : 415206,
      "indexingSpeed" : {
        "totalBytes" : 415206,
        "totalTime" : 331181300
      },
      "snapshotInputMappingStats" : {
        "totalRequests" : 0,
        "totalMisses" : 0,
        "totalHits" : 0
      }
    }, {
      "indexId" : "XmlTagNames",
      "partOfTotalIndexingTime" : {
        "part" : 330105800,
        "total" : 3118794400
      },
      "totalNumberOfFiles" : 11,
      "totalNumberOfFilesIndexedByExtensions" : 0,
      "totalFilesSize" : 415206,
      "indexingSpeed" : {
        "totalBytes" : 415206,
        "totalTime" : 330105800
      },
      "snapshotInputMappingStats" : {
        "totalRequests" : 0,
        "totalMisses" : 0,
        "totalHits" : 0
      }
    }, {
      "indexId" : "Trigram.Index",
      "partOfTotalIndexingTime" : {
        "part" : 211430700,
        "total" : 3118794400
      },
      "totalNumberOfFiles" : 217,
      "totalNumberOfFilesIndexedByExtensions" : 0,
      "totalFilesSize" : 2152193,
      "indexingSpeed" : {
        "totalBytes" : 2152193,
        "totalTime" : 211430700
      },
      "snapshotInputMappingStats" : {
        "totalRequests" : 0,
        "totalMisses" : 0,
        "totalHits" : 0
      }
    }, {
      "indexId" : "IdeaPluginRegistrationIndex",
      "partOfTotalIndexingTime" : {
        "part" : 127351900,
        "total" : 3118794400
      },
      "totalNumberOfFiles" : 18,
      "totalNumberOfFilesIndexedByExtensions" : 0,
      "totalFilesSize" : 856829,
      "indexingSpeed" : {
        "totalBytes" : 856829,
        "totalTime" : 127351900
      },
      "snapshotInputMappingStats" : {
        "totalRequests" : 0,
        "totalMisses" : 0,
        "totalHits" : 0
      }
    }, {
      "indexId" : "DomFileIndex",
      "partOfTotalIndexingTime" : {
        "part" : 70754600,
        "total" : 3118794400
      },
      "totalNumberOfFiles" : 18,
      "totalNumberOfFilesIndexedByExtensions" : 0,
      "totalFilesSize" : 856829,
      "indexingSpeed" : {
        "totalBytes" : 856829,
        "totalTime" : 70754600
      },
      "snapshotInputMappingStats" : {
        "totalRequests" : 0,
        "totalMisses" : 0,
        "totalHits" : 0
      }
    }, {
      "indexId" : "Stubs",
      "partOfTotalIndexingTime" : {
        "part" : 67541200,
        "total" : 3118794400
      },
      "totalNumberOfFiles" : 18,
      "totalNumberOfFilesIndexedByExtensions" : 0,
      "totalFilesSize" : 856829,
      "indexingSpeed" : {
        "totalBytes" : 856829,
        "totalTime" : 67541200
      },
      "snapshotInputMappingStats" : {
        "totalRequests" : 0,
        "totalMisses" : 0,
        "totalHits" : 0
      }
    }, {
      "indexId" : "json.file.root.values",
      "partOfTotalIndexingTime" : {
        "part" : 7987500,
        "total" : 3118794400
      },
      "totalNumberOfFiles" : 1,
      "totalNumberOfFilesIndexedByExtensions" : 0,
      "totalFilesSize" : 215462,
      "indexingSpeed" : {
        "totalBytes" : 215462,
        "totalTime" : 7987500
      },
      "snapshotInputMappingStats" : {
        "totalRequests" : 0,
        "totalMisses" : 0,
        "totalHits" : 0
      }
    }, {
      "indexId" : "devkit.ExtensionPointClassIndex",
      "partOfTotalIndexingTime" : {
        "part" : 2531400,
        "total" : 3118794400
      },
      "totalNumberOfFiles" : 18,
      "totalNumberOfFilesIndexedByExtensions" : 0,
      "totalFilesSize" : 856829,
      "indexingSpeed" : {
        "totalBytes" : 856829,
        "totalTime" : 2531400
      },
      "snapshotInputMappingStats" : {
        "totalRequests" : 0,
        "totalMisses" : 0,
        "totalHits" : 0
      }
    }, {
      "indexId" : "PluginIdModuleIndex",
      "partOfTotalIndexingTime" : {
        "part" : 2104700,
        "total" : 3118794400
      },
      "totalNumberOfFiles" : 18,
      "totalNumberOfFilesIndexedByExtensions" : 0,
      "totalFilesSize" : 856829,
      "indexingSpeed" : {
        "totalBytes" : 856829,
        "totalTime" : 2104700
      },
      "snapshotInputMappingStats" : {
        "totalRequests" : 0,
        "totalMisses" : 0,
        "totalHits" : 0
      }
    }, {
      "indexId" : "PluginIdDependenciesIndex",
      "partOfTotalIndexingTime" : {
        "part" : 2011900,
        "total" : 3118794400
      },
      "totalNumberOfFiles" : 18,
      "totalNumberOfFilesIndexedByExtensions" : 0,
      "totalFilesSize" : 856829,
      "indexingSpeed" : {
        "totalBytes" : 856829,
        "totalTime" : 2011900
      },
      "snapshotInputMappingStats" : {
        "totalRequests" : 0,
        "totalMisses" : 0,
        "totalHits" : 0
      }
    }, {
      "indexId" : "devkit.ExtensionPointIndex",
      "partOfTotalIndexingTime" : {
        "part" : 1793100,
        "total" : 3118794400
      },
      "totalNumberOfFiles" : 18,
      "totalNumberOfFilesIndexedByExtensions" : 0,
      "totalFilesSize" : 856829,
      "indexingSpeed" : {
        "totalBytes" : 856829,
        "totalTime" : 1793100
      },
      "snapshotInputMappingStats" : {
        "totalRequests" : 0,
        "totalMisses" : 0,
        "totalHits" : 0
      }
    } ],
    "scanningStatistics" : [ {
      "providerName" : "Refreshed files",
      "numberOfScannedFiles" : 217,
      "numberOfSkippedFiles" : 0,
      "numberOfFilesForIndexing" : 217,
      "numberOfFilesFullyIndexedByInfrastructureExtensions" : 0,
      "scanningTime" : 156701000,
      "timeProcessingUpToDateFiles" : 0,
      "timeUpdatingContentLessIndexes" : 0,
      "timeIndexingWithoutContent" : 0
    } ],
    "fileProviderStatistics" : [ {
      "providerName" : "Refreshed files",
      "totalNumberOfIndexedFiles" : 217,
      "totalNumberOfFilesFullyIndexedByExtensions" : 0,
      "totalIndexingTime" : 1148862300,
      "contentLoadingTime" : 8348124,
      "numberOfTooLargeForIndexingFiles" : 0,
      "slowIndexedFiles" : [ ]
    } ]
  }
}