{
  "appInfo" : {
    "build" : "212.5284.40",
    "buildDate" : "2021-09-14T05:29:13.246Z[UTC]",
    "productCode" : "IC",
    "generated" : "2021-10-13T01:30:23.1830586Z",
    "os" : "Windows 10 10.0",
    "runtime" : "JetBrains s.r.o. 11.0.12 11.0.12+7-b1504.28"
  },
  "runtimeInfo" : {
    "maxMemory" : 2147483648,
    "numberOfProcessors" : 16,
    "maxNumberOfIndexingThreads" : 4,
    "maxSizeOfFileForIntelliSense" : 2560000,
    "maxSizeOfFileForContentLoading" : 20971520
  },
  "projectIndexingHistory" : {
    "projectName" : "ModernIndustry",
    "times" : {
      "indexingReason" : "On project open",
      "totalUpdatingTime" : 3605500100,
      "indexingTime" : 0,
      "contentLoadingTime" : 0,
      "scanFilesTime" : 3563442700,
      "pushPropertiesTime" : 0,
      "indexExtensionsTime" : 0,
      "updatingStart" : "2021-10-13T01:30:19.572811Z",
      "updatingEnd" : "2021-10-13T01:30:23.179056Z",
      "totalSuspendedTime" : 0,
      "wasInterrupted" : false
    },
    "fileCount" : {
      "numberOfFileProviders" : 75,
      "numberOfScannedFiles" : 115042,
      "numberOfFilesIndexedByInfrastructureExtensionsDuringScan" : 0,
      "numberOfFilesScheduledForIndexingAfterScan" : 0,
      "numberOfFilesIndexedByInfrastructureExtensionsDuringIndexingStage" : 0,
      "numberOfFilesIndexedWithLoadingContent" : 0
    },
    "totalStatsPerFileType" : [ ],
    "totalStatsPerIndexer" : [ ],
    "scanningStatistics" : [ {
      "providerName" : "Library Gradle: net.minecraftforge:forgeSrc:1.12.2-14.23.5.2768",
      "numberOfScannedFiles" : 17085,
      "numberOfSkippedFiles" : 0,
      "numberOfFilesForIndexing" : 0,
      "numberOfFilesFullyIndexedByInfrastructureExtensions" : 0,
      "scanningTime" : 1648297800,
      "timeProcessingUpToDateFiles" : 500318600,
      "timeUpdatingContentLessIndexes" : 18066400,
      "timeIndexingWithoutContent" : 0
    }, {
      "providerName" : "Library Gradle: io.netty:netty-all:4.1.9.Final",
      "numberOfScannedFiles" : 4083,
      "numberOfSkippedFiles" : 0,
      "numberOfFilesForIndexing" : 0,
      "numberOfFilesFullyIndexedByInfrastructureExtensions" : 0,
      "scanningTime" : 1052110500,
      "timeProcessingUpToDateFiles" : 422421600,
      "timeUpdatingContentLessIndexes" : 9377800,
      "timeIndexingWithoutContent" : 0
    }, {
      "providerName" : "JDK 1.8",
      "numberOfScannedFiles" : 43877,
      "numberOfSkippedFiles" : 0,
      "numberOfFilesForIndexing" : 0,
      "numberOfFilesFullyIndexedByInfrastructureExtensions" : 0,
      "scanningTime" : 964880300,
      "timeProcessingUpToDateFiles" : 342564100,
      "timeUpdatingContentLessIndexes" : 25373000,
      "timeIndexingWithoutContent" : 0
    }, {
      "providerName" : "Library Gradle: com.google.guava:guava:21.0",
      "numberOfScannedFiles" : 2378,
      "numberOfSkippedFiles" : 0,
      "numberOfFilesForIndexing" : 0,
      "numberOfFilesFullyIndexedByInfrastructureExtensions" : 0,
      "scanningTime" : 898041900,
      "timeProcessingUpToDateFiles" : 362440400,
      "timeUpdatingContentLessIndexes" : 7098100,
      "timeIndexingWithoutContent" : 0
    }, {
      "providerName" : "Library Gradle: it.unimi.dsi:fastutil:7.1.0",
      "numberOfScannedFiles" : 12800,
      "numberOfSkippedFiles" : 0,
      "numberOfFilesForIndexing" : 0,
      "numberOfFilesFullyIndexedByInfrastructureExtensions" : 0,
      "scanningTime" : 849903700,
      "timeProcessingUpToDateFiles" : 450191500,
      "timeUpdatingContentLessIndexes" : 15468600,
      "timeIndexingWithoutContent" : 0
    }, {
      "providerName" : "Library Gradle: com.ibm.icu:icu4j-core-mojang:51.2",
      "numberOfScannedFiles" : 1282,
      "numberOfSkippedFiles" : 0,
      "numberOfFilesForIndexing" : 0,
      "numberOfFilesFullyIndexedByInfrastructureExtensions" : 0,
      "scanningTime" : 665542600,
      "timeProcessingUpToDateFiles" : 205963200,
      "timeUpdatingContentLessIndexes" : 3974600,
      "timeIndexingWithoutContent" : 0
    }, {
      "providerName" : "Library Gradle: net.sf.jopt-simple:jopt-simple:5.0.3",
      "numberOfScannedFiles" : 117,
      "numberOfSkippedFiles" : 0,
      "numberOfFilesForIndexing" : 0,
      "numberOfFilesFullyIndexedByInfrastructureExtensions" : 0,
      "scanningTime" : 664767500,
      "timeProcessingUpToDateFiles" : 32378100,
      "timeUpdatingContentLessIndexes" : 452500,
      "timeIndexingWithoutContent" : 0
    }, {
      "providerName" : "Library Gradle: org.scala-lang:scala-compiler:2.11.1",
      "numberOfScannedFiles" : 8708,
      "numberOfSkippedFiles" : 0,
      "numberOfFilesForIndexing" : 0,
      "numberOfFilesFullyIndexedByInfrastructureExtensions" : 0,
      "scanningTime" : 647313700,
      "timeProcessingUpToDateFiles" : 345851600,
      "timeUpdatingContentLessIndexes" : 13178300,
      "timeIndexingWithoutContent" : 0
    }, {
      "providerName" : "Library Gradle: org.scala-lang:scala-library:2.11.1",
      "numberOfScannedFiles" : 4443,
      "numberOfSkippedFiles" : 0,
      "numberOfFilesForIndexing" : 0,
      "numberOfFilesFullyIndexedByInfrastructureExtensions" : 0,
      "scanningTime" : 533103700,
      "timeProcessingUpToDateFiles" : 361031100,
      "timeUpdatingContentLessIndexes" : 7128200,
      "timeIndexingWithoutContent" : 0
    }, {
      "providerName" : "Library Gradle: net.java.dev.jna:platform:3.4.0",
      "numberOfScannedFiles" : 561,
      "numberOfSkippedFiles" : 0,
      "numberOfFilesForIndexing" : 0,
      "numberOfFilesFullyIndexedByInfrastructureExtensions" : 0,
      "scanningTime" : 524056700,
      "timeProcessingUpToDateFiles" : 97193600,
      "timeUpdatingContentLessIndexes" : 1700200,
      "timeIndexingWithoutContent" : 0
    }, {
      "providerName" : "Library Gradle: org.scala-lang:scala-reflect:2.11.1",
      "numberOfScannedFiles" : 2925,
      "numberOfSkippedFiles" : 0,
      "numberOfFilesForIndexing" : 0,
      "numberOfFilesFullyIndexedByInfrastructureExtensions" : 0,
      "scanningTime" : 468802600,
      "timeProcessingUpToDateFiles" : 321709800,
      "timeUpdatingContentLessIndexes" : 5746200,
      "timeIndexingWithoutContent" : 0
    }, {
      "providerName" : "Library Gradle: net.java.dev.jna:jna:4.4.0",
      "numberOfScannedFiles" : 184,
      "numberOfSkippedFiles" : 0,
      "numberOfFilesForIndexing" : 0,
      "numberOfFilesFullyIndexedByInfrastructureExtensions" : 0,
      "scanningTime" : 460003600,
      "timeProcessingUpToDateFiles" : 44049000,
      "timeUpdatingContentLessIndexes" : 685500,
      "timeIndexingWithoutContent" : 0
    }, {
      "providerName" : "Library Gradle: com.typesafe.akka:akka-actor_2.11:2.3.3",
      "numberOfScannedFiles" : 1802,
      "numberOfSkippedFiles" : 0,
      "numberOfFilesForIndexing" : 0,
      "numberOfFilesFullyIndexedByInfrastructureExtensions" : 0,
      "scanningTime" : 398777500,
      "timeProcessingUpToDateFiles" : 263782200,
      "timeUpdatingContentLessIndexes" : 5316700,
      "timeIndexingWithoutContent" : 0
    }, {
      "providerName" : "Library Gradle: org.apache.logging.log4j:log4j-core:2.8.1",
      "numberOfScannedFiles" : 1559,
      "numberOfSkippedFiles" : 0,
      "numberOfFilesForIndexing" : 0,
      "numberOfFilesFullyIndexedByInfrastructureExtensions" : 0,
      "scanningTime" : 381778000,
      "timeProcessingUpToDateFiles" : 240788300,
      "timeUpdatingContentLessIndexes" : 6358100,
      "timeIndexingWithoutContent" : 0
    }, {
      "providerName" : "Library Gradle: com.google.code.findbugs:jsr305:3.0.1",
      "numberOfScannedFiles" : 70,
      "numberOfSkippedFiles" : 0,
      "numberOfFilesForIndexing" : 0,
      "numberOfFilesFullyIndexedByInfrastructureExtensions" : 0,
      "scanningTime" : 372569100,
      "timeProcessingUpToDateFiles" : 27594300,
      "timeUpdatingContentLessIndexes" : 330400,
      "timeIndexingWithoutContent" : 0
    }, {
      "providerName" : "Library Gradle: org.apache.maven:maven-artifact:3.5.3",
      "numberOfScannedFiles" : 71,
      "numberOfSkippedFiles" : 0,
      "numberOfFilesForIndexing" : 0,
      "numberOfFilesFullyIndexedByInfrastructureExtensions" : 0,
      "scanningTime" : 353609600,
      "timeProcessingUpToDateFiles" : 27447000,
      "timeUpdatingContentLessIndexes" : 281300,
      "timeIndexingWithoutContent" : 0
    }, {
      "providerName" : "Library Gradle: org.apache.commons:commons-lang3:3.5",
      "numberOfScannedFiles" : 413,
      "numberOfSkippedFiles" : 0,
      "numberOfFilesForIndexing" : 0,
      "numberOfFilesFullyIndexedByInfrastructureExtensions" : 0,
      "scanningTime" : 349911600,
      "timeProcessingUpToDateFiles" : 67019200,
      "timeUpdatingContentLessIndexes" : 1259800,
      "timeIndexingWithoutContent" : 0
    }, {
      "providerName" : "Library Gradle: oshi-project:oshi-core:1.1",
      "numberOfScannedFiles" : 57,
      "numberOfSkippedFiles" : 0,
      "numberOfFilesForIndexing" : 0,
      "numberOfFilesFullyIndexedByInfrastructureExtensions" : 0,
      "scanningTime" : 336108000,
      "timeProcessingUpToDateFiles" : 22853700,
      "timeUpdatingContentLessIndexes" : 267500,
      "timeIndexingWithoutContent" : 0
    }, {
      "providerName" : "Library Gradle: net.sf.trove4j:trove4j:3.0.3",
      "numberOfScannedFiles" : 2289,
      "numberOfSkippedFiles" : 0,
      "numberOfFilesForIndexing" : 0,
      "numberOfFilesFullyIndexedByInfrastructureExtensions" : 0,
      "scanningTime" : 331224400,
      "timeProcessingUpToDateFiles" : 207862600,
      "timeUpdatingContentLessIndexes" : 5126700,
      "timeIndexingWithoutContent" : 0
    }, {
      "providerName" : "Library Gradle: com.mojang:authlib:1.5.25",
      "numberOfScannedFiles" : 106,
      "numberOfSkippedFiles" : 0,
      "numberOfFilesForIndexing" : 0,
      "numberOfFilesFullyIndexedByInfrastructureExtensions" : 0,
      "scanningTime" : 318313900,
      "timeProcessingUpToDateFiles" : 33622700,
      "timeUpdatingContentLessIndexes" : 521200,
      "timeIndexingWithoutContent" : 0
    }, {
      "providerName" : "Library Gradle: commons-io:commons-io:2.5",
      "numberOfScannedFiles" : 254,
      "numberOfSkippedFiles" : 0,
      "numberOfFilesForIndexing" : 0,
      "numberOfFilesFullyIndexedByInfrastructureExtensions" : 0,
      "scanningTime" : 298034100,
      "timeProcessingUpToDateFiles" : 46826900,
      "timeUpdatingContentLessIndexes" : 849200,
      "timeIndexingWithoutContent" : 0
    }, {
      "providerName" : "Library compileDummy.jar",
      "numberOfScannedFiles" : 1,
      "numberOfSkippedFiles" : 0,
      "numberOfFilesForIndexing" : 0,
      "numberOfFilesFullyIndexedByInfrastructureExtensions" : 0,
      "scanningTime" : 291465700,
      "timeProcessingUpToDateFiles" : 296800,
      "timeUpdatingContentLessIndexes" : 14600,
      "timeIndexingWithoutContent" : 0
    }, {
      "providerName" : "Library Gradle: org.lwjgl.lwjgl:lwjgl:2.9.4-nightly-20150209",
      "numberOfScannedFiles" : 1253,
      "numberOfSkippedFiles" : 0,
      "numberOfFilesForIndexing" : 0,
      "numberOfFilesFullyIndexedByInfrastructureExtensions" : 0,
      "scanningTime" : 285384400,
      "timeProcessingUpToDateFiles" : 196356000,
      "timeUpdatingContentLessIndexes" : 3601000,
      "timeIndexingWithoutContent" : 0
    }, {
      "providerName" : "Library Gradle: com.mojang:realms:1.10.22",
      "numberOfScannedFiles" : 226,
      "numberOfSkippedFiles" : 0,
      "numberOfFilesForIndexing" : 0,
      "numberOfFilesFullyIndexedByInfrastructureExtensions" : 0,
      "scanningTime" : 260258200,
      "timeProcessingUpToDateFiles" : 41737000,
      "timeUpdatingContentLessIndexes" : 697500,
      "timeIndexingWithoutContent" : 0
    }, {
      "providerName" : "Library Gradle: org.apache.httpcomponents:httpclient:4.3.3",
      "numberOfScannedFiles" : 825,
      "numberOfSkippedFiles" : 0,
      "numberOfFilesForIndexing" : 0,
      "numberOfFilesFullyIndexedByInfrastructureExtensions" : 0,
      "scanningTime" : 188074400,
      "timeProcessingUpToDateFiles" : 129038600,
      "timeUpdatingContentLessIndexes" : 2998800,
      "timeIndexingWithoutContent" : 0
    }, {
      "providerName" : "Library Gradle: org.spongepowered:mixin:0.8-SNAPSHOT",
      "numberOfScannedFiles" : 882,
      "numberOfSkippedFiles" : 0,
      "numberOfFilesForIndexing" : 0,
      "numberOfFilesFullyIndexedByInfrastructureExtensions" : 0,
      "scanningTime" : 165861400,
      "timeProcessingUpToDateFiles" : 115874100,
      "timeUpdatingContentLessIndexes" : 2755100,
      "timeIndexingWithoutContent" : 0
    }, {
      "providerName" : "Library Gradle: net.minecraft:launchwrapper:1.12",
      "numberOfScannedFiles" : 37,
      "numberOfSkippedFiles" : 0,
      "numberOfFilesForIndexing" : 0,
      "numberOfFilesFullyIndexedByInfrastructureExtensions" : 0,
      "scanningTime" : 164703900,
      "timeProcessingUpToDateFiles" : 14073900,
      "timeUpdatingContentLessIndexes" : 269300,
      "timeIndexingWithoutContent" : 0
    }, {
      "providerName" : "Library Gradle: com.mojang:text2speech:1.10.3",
      "numberOfScannedFiles" : 20,
      "numberOfSkippedFiles" : 0,
      "numberOfFilesForIndexing" : 0,
      "numberOfFilesFullyIndexedByInfrastructureExtensions" : 0,
      "scanningTime" : 156194100,
      "timeProcessingUpToDateFiles" : 8715800,
      "timeUpdatingContentLessIndexes" : 147900,
      "timeIndexingWithoutContent" : 0
    }, {
      "providerName" : "Library Gradle: org.scala-lang.modules:scala-swing_2.11:1.0.1",
      "numberOfScannedFiles" : 581,
      "numberOfSkippedFiles" : 0,
      "numberOfFilesForIndexing" : 0,
      "numberOfFilesFullyIndexedByInfrastructureExtensions" : 0,
      "scanningTime" : 125938500,
      "timeProcessingUpToDateFiles" : 85032400,
      "timeUpdatingContentLessIndexes" : 1668500,
      "timeIndexingWithoutContent" : 0
    }, {
      "providerName" : "Module 'ModernIndustry.main'",
      "numberOfScannedFiles" : 511,
      "numberOfSkippedFiles" : 0,
      "numberOfFilesForIndexing" : 0,
      "numberOfFilesFullyIndexedByInfrastructureExtensions" : 0,
      "scanningTime" : 122300700,
      "timeProcessingUpToDateFiles" : 61803900,
      "timeUpdatingContentLessIndexes" : 1396300,
      "timeIndexingWithoutContent" : 0
    }, {
      "providerName" : "Library Gradle: com.mojang:patchy:1.1",
      "numberOfScannedFiles" : 12,
      "numberOfSkippedFiles" : 0,
      "numberOfFilesForIndexing" : 0,
      "numberOfFilesFullyIndexedByInfrastructureExtensions" : 0,
      "scanningTime" : 117750100,
      "timeProcessingUpToDateFiles" : 5646000,
      "timeUpdatingContentLessIndexes" : 72200,
      "timeIndexingWithoutContent" : 0
    }, {
      "providerName" : "Library Gradle: org.apache.httpcomponents:httpcore:4.3.2",
      "numberOfScannedFiles" : 483,
      "numberOfSkippedFiles" : 0,
      "numberOfFilesForIndexing" : 0,
      "numberOfFilesFullyIndexedByInfrastructureExtensions" : 0,
      "scanningTime" : 114138100,
      "timeProcessingUpToDateFiles" : 77865200,
      "timeUpdatingContentLessIndexes" : 1361000,
      "timeIndexingWithoutContent" : 0
    }, {
      "providerName" : "Library Gradle: org.scala-lang:scala-actors:2.11.0",
      "numberOfScannedFiles" : 417,
      "numberOfSkippedFiles" : 0,
      "numberOfFilesForIndexing" : 0,
      "numberOfFilesFullyIndexedByInfrastructureExtensions" : 0,
      "scanningTime" : 109988400,
      "timeProcessingUpToDateFiles" : 64684000,
      "timeUpdatingContentLessIndexes" : 1211800,
      "timeIndexingWithoutContent" : 0
    }, {
      "providerName" : "Library Gradle: org.scala-lang.modules:scala-xml_2.11:1.0.2",
      "numberOfScannedFiles" : 508,
      "numberOfSkippedFiles" : 0,
      "numberOfFilesForIndexing" : 0,
      "numberOfFilesFullyIndexedByInfrastructureExtensions" : 0,
      "scanningTime" : 108052000,
      "timeProcessingUpToDateFiles" : 72096200,
      "timeUpdatingContentLessIndexes" : 1444500,
      "timeIndexingWithoutContent" : 0
    }, {
      "providerName" : "Library Gradle: org.jline:jline:3.5.1",
      "numberOfScannedFiles" : 437,
      "numberOfSkippedFiles" : 0,
      "numberOfFilesForIndexing" : 0,
      "numberOfFilesFullyIndexedByInfrastructureExtensions" : 0,
      "scanningTime" : 101832400,
      "timeProcessingUpToDateFiles" : 63204900,
      "timeUpdatingContentLessIndexes" : 1222000,
      "timeIndexingWithoutContent" : 0
    }, {
      "providerName" : "Library Gradle: org.codehaus.plexus:plexus-utils:3.1.0",
      "numberOfScannedFiles" : 201,
      "numberOfSkippedFiles" : 0,
      "numberOfFilesForIndexing" : 0,
      "numberOfFilesFullyIndexedByInfrastructureExtensions" : 0,
      "scanningTime" : 93842800,
      "timeProcessingUpToDateFiles" : 81985000,
      "timeUpdatingContentLessIndexes" : 578300,
      "timeIndexingWithoutContent" : 0
    }, {
      "providerName" : "Library Gradle: org.scala-lang.modules:scala-parser-combinators_2.11:1.0.1",
      "numberOfScannedFiles" : 375,
      "numberOfSkippedFiles" : 0,
      "numberOfFilesForIndexing" : 0,
      "numberOfFilesFullyIndexedByInfrastructureExtensions" : 0,
      "scanningTime" : 84732000,
      "timeProcessingUpToDateFiles" : 54187300,
      "timeUpdatingContentLessIndexes" : 2920800,
      "timeIndexingWithoutContent" : 0
    }, {
      "providerName" : "Library Gradle: org.apache.commons:commons-compress:1.8.1",
      "numberOfScannedFiles" : 360,
      "numberOfSkippedFiles" : 0,
      "numberOfFilesForIndexing" : 0,
      "numberOfFilesFullyIndexedByInfrastructureExtensions" : 0,
      "scanningTime" : 77523900,
      "timeProcessingUpToDateFiles" : 48316000,
      "timeUpdatingContentLessIndexes" : 1015800,
      "timeIndexingWithoutContent" : 0
    }, {
      "providerName" : "Library Gradle: org.ow2.asm:asm-debug-all:5.2",
      "numberOfScannedFiles" : 322,
      "numberOfSkippedFiles" : 0,
      "numberOfFilesForIndexing" : 0,
      "numberOfFilesFullyIndexedByInfrastructureExtensions" : 0,
      "scanningTime" : 73748000,
      "timeProcessingUpToDateFiles" : 50963000,
      "timeUpdatingContentLessIndexes" : 907000,
      "timeIndexingWithoutContent" : 0
    }, {
      "providerName" : "Library Gradle: net.java.jinput:jinput:2.0.5",
      "numberOfScannedFiles" : 302,
      "numberOfSkippedFiles" : 0,
      "numberOfFilesForIndexing" : 0,
      "numberOfFilesFullyIndexedByInfrastructureExtensions" : 0,
      "scanningTime" : 73498600,
      "timeProcessingUpToDateFiles" : 41386100,
      "timeUpdatingContentLessIndexes" : 867800,
      "timeIndexingWithoutContent" : 0
    }, {
      "providerName" : "Library providedDummy.jar",
      "numberOfScannedFiles" : 1,
      "numberOfSkippedFiles" : 0,
      "numberOfFilesForIndexing" : 0,
      "numberOfFilesFullyIndexedByInfrastructureExtensions" : 0,
      "scanningTime" : 71776400,
      "timeProcessingUpToDateFiles" : 2839500,
      "timeUpdatingContentLessIndexes" : 18800,
      "timeIndexingWithoutContent" : 0
    }, {
      "providerName" : "Library Gradle: commons-codec:commons-codec:1.10",
      "numberOfScannedFiles" : 423,
      "numberOfSkippedFiles" : 0,
      "numberOfFilesForIndexing" : 0,
      "numberOfFilesFullyIndexedByInfrastructureExtensions" : 0,
      "scanningTime" : 60783000,
      "timeProcessingUpToDateFiles" : 35398300,
      "timeUpdatingContentLessIndexes" : 933600,
      "timeIndexingWithoutContent" : 0
    }, {
      "providerName" : "Library Gradle: org.apache.logging.log4j:log4j-api:2.8.1",
      "numberOfScannedFiles" : 269,
      "numberOfSkippedFiles" : 0,
      "numberOfFilesForIndexing" : 0,
      "numberOfFilesFullyIndexedByInfrastructureExtensions" : 0,
      "scanningTime" : 56927500,
      "timeProcessingUpToDateFiles" : 37196000,
      "timeUpdatingContentLessIndexes" : 745900,
      "timeIndexingWithoutContent" : 0
    }, {
      "providerName" : "Library Gradle: com.google.code.gson:gson:2.8.0",
      "numberOfScannedFiles" : 245,
      "numberOfSkippedFiles" : 0,
      "numberOfFilesForIndexing" : 0,
      "numberOfFilesFullyIndexedByInfrastructureExtensions" : 0,
      "scanningTime" : 55239200,
      "timeProcessingUpToDateFiles" : 33544500,
      "timeUpdatingContentLessIndexes" : 695700,
      "timeIndexingWithoutContent" : 0
    }, {
      "providerName" : "Library Gradle: com.typesafe:config:1.2.1",
      "numberOfScannedFiles" : 203,
      "numberOfSkippedFiles" : 0,
      "numberOfFilesForIndexing" : 0,
      "numberOfFilesFullyIndexedByInfrastructureExtensions" : 0,
      "scanningTime" : 50179200,
      "timeProcessingUpToDateFiles" : 36610300,
      "timeUpdatingContentLessIndexes" : 538700,
      "timeIndexingWithoutContent" : 0
    }, {
      "providerName" : "Library Gradle: org.lwjgl.lwjgl:lwjgl_util:2.9.4-nightly-20150209",
      "numberOfScannedFiles" : 205,
      "numberOfSkippedFiles" : 0,
      "numberOfFilesForIndexing" : 0,
      "numberOfFilesFullyIndexedByInfrastructureExtensions" : 0,
      "scanningTime" : 44883000,
      "timeProcessingUpToDateFiles" : 29002800,
      "timeUpdatingContentLessIndexes" : 583000,
      "timeIndexingWithoutContent" : 0
    }, {
      "providerName" : "Library Gradle: org.scala-lang.plugins:scala-continuations-plugin_2.11.1:1.0.2",
      "numberOfScannedFiles" : 144,
      "numberOfSkippedFiles" : 0,
      "numberOfFilesForIndexing" : 0,
      "numberOfFilesFullyIndexedByInfrastructureExtensions" : 0,
      "scanningTime" : 41490200,
      "timeProcessingUpToDateFiles" : 29433200,
      "timeUpdatingContentLessIndexes" : 492800,
      "timeIndexingWithoutContent" : 0
    }, {
      "providerName" : "Indexable set contributor 'com.intellij.javaee.ExternalResourcesRootsProvider@2c59af91' (non-project)",
      "numberOfScannedFiles" : 217,
      "numberOfSkippedFiles" : 4,
      "numberOfFilesForIndexing" : 0,
      "numberOfFilesFullyIndexedByInfrastructureExtensions" : 0,
      "scanningTime" : 38485800,
      "timeProcessingUpToDateFiles" : 25605900,
      "timeUpdatingContentLessIndexes" : 601200,
      "timeIndexingWithoutContent" : 0
    }, {
      "providerName" : "Library Gradle: java3d:vecmath:1.5.2",
      "numberOfScannedFiles" : 105,
      "numberOfSkippedFiles" : 0,
      "numberOfFilesForIndexing" : 0,
      "numberOfFilesFullyIndexedByInfrastructureExtensions" : 0,
      "scanningTime" : 25423500,
      "timeProcessingUpToDateFiles" : 17270500,
      "timeUpdatingContentLessIndexes" : 308700,
      "timeIndexingWithoutContent" : 0
    }, {
      "providerName" : "Module 'ModernIndustry'",
      "numberOfScannedFiles" : 20,
      "numberOfSkippedFiles" : 0,
      "numberOfFilesForIndexing" : 0,
      "numberOfFilesFullyIndexedByInfrastructureExtensions" : 0,
      "scanningTime" : 24427500,
      "timeProcessingUpToDateFiles" : 1516100,
      "timeUpdatingContentLessIndexes" : 16044800,
      "timeIndexingWithoutContent" : 0
    }, {
      "providerName" : "Library Gradle: com.paulscode:codecjorbis:20101023",
      "numberOfScannedFiles" : 89,
      "numberOfSkippedFiles" : 0,
      "numberOfFilesForIndexing" : 0,
      "numberOfFilesFullyIndexedByInfrastructureExtensions" : 0,
      "scanningTime" : 19530800,
      "timeProcessingUpToDateFiles" : 13781000,
      "timeUpdatingContentLessIndexes" : 256400,
      "timeIndexingWithoutContent" : 0
    }, {
      "providerName" : "Library Gradle: commons-logging:commons-logging:1.1.3",
      "numberOfScannedFiles" : 53,
      "numberOfSkippedFiles" : 0,
      "numberOfFilesForIndexing" : 0,
      "numberOfFilesFullyIndexedByInfrastructureExtensions" : 0,
      "scanningTime" : 11284900,
      "timeProcessingUpToDateFiles" : 7474800,
      "timeUpdatingContentLessIndexes" : 157300,
      "timeIndexingWithoutContent" : 0
    }, {
      "providerName" : "Library Gradle: ca.weblite:java-objc-bridge:1.0.0",
      "numberOfScannedFiles" : 50,
      "numberOfSkippedFiles" : 0,
      "numberOfFilesForIndexing" : 0,
      "numberOfFilesFullyIndexedByInfrastructureExtensions" : 0,
      "scanningTime" : 10460500,
      "timeProcessingUpToDateFiles" : 7531900,
      "timeUpdatingContentLessIndexes" : 139200,
      "timeIndexingWithoutContent" : 0
    }, {
      "providerName" : "Library Gradle: com.paulscode:soundsystem:20120107",
      "numberOfScannedFiles" : 45,
      "numberOfSkippedFiles" : 0,
      "numberOfFilesForIndexing" : 0,
      "numberOfFilesFullyIndexedByInfrastructureExtensions" : 0,
      "scanningTime" : 10305900,
      "timeProcessingUpToDateFiles" : 7346200,
      "timeUpdatingContentLessIndexes" : 129800,
      "timeIndexingWithoutContent" : 0
    }, {
      "providerName" : "Library Gradle: org.scala-lang:scala-actors-migration_2.11:1.1.0",
      "numberOfScannedFiles" : 44,
      "numberOfSkippedFiles" : 0,
      "numberOfFilesForIndexing" : 0,
      "numberOfFilesFullyIndexedByInfrastructureExtensions" : 0,
      "scanningTime" : 8396700,
      "timeProcessingUpToDateFiles" : 5406600,
      "timeUpdatingContentLessIndexes" : 116400,
      "timeIndexingWithoutContent" : 0
    }, {
      "providerName" : "Library Gradle: org.scala-lang.plugins:scala-continuations-library_2.11:1.0.2",
      "numberOfScannedFiles" : 29,
      "numberOfSkippedFiles" : 0,
      "numberOfFilesForIndexing" : 0,
      "numberOfFilesFullyIndexedByInfrastructureExtensions" : 0,
      "scanningTime" : 6438600,
      "timeProcessingUpToDateFiles" : 4359000,
      "timeUpdatingContentLessIndexes" : 82100,
      "timeIndexingWithoutContent" : 0
    }, {
      "providerName" : "Library start",
      "numberOfScannedFiles" : 16,
      "numberOfSkippedFiles" : 0,
      "numberOfFilesForIndexing" : 0,
      "numberOfFilesFullyIndexedByInfrastructureExtensions" : 0,
      "scanningTime" : 4085000,
      "timeProcessingUpToDateFiles" : 2286700,
      "timeUpdatingContentLessIndexes" : 46100,
      "timeIndexingWithoutContent" : 0
    }, {
      "providerName" : "Library Gradle: com.paulscode:libraryjavasound:20101123",
      "numberOfScannedFiles" : 12,
      "numberOfSkippedFiles" : 0,
      "numberOfFilesForIndexing" : 0,
      "numberOfFilesFullyIndexedByInfrastructureExtensions" : 0,
      "scanningTime" : 2567300,
      "timeProcessingUpToDateFiles" : 1815600,
      "timeUpdatingContentLessIndexes" : 34600,
      "timeIndexingWithoutContent" : 0
    }, {
      "providerName" : "Library Gradle: org.lwjgl.lwjgl:lwjgl-platform:natives-windows:2.9.4-nightly-20150209",
      "numberOfScannedFiles" : 5,
      "numberOfSkippedFiles" : 0,
      "numberOfFilesForIndexing" : 0,
      "numberOfFilesFullyIndexedByInfrastructureExtensions" : 0,
      "scanningTime" : 2436600,
      "timeProcessingUpToDateFiles" : 729200,
      "timeUpdatingContentLessIndexes" : 14500,
      "timeIndexingWithoutContent" : 0
    }, {
      "providerName" : "Library Gradle: com.paulscode:librarylwjglopenal:20100824",
      "numberOfScannedFiles" : 11,
      "numberOfSkippedFiles" : 0,
      "numberOfFilesForIndexing" : 0,
      "numberOfFilesFullyIndexedByInfrastructureExtensions" : 0,
      "scanningTime" : 2300800,
      "timeProcessingUpToDateFiles" : 1068700,
      "timeUpdatingContentLessIndexes" : 26800,
      "timeIndexingWithoutContent" : 0
    }, {
      "providerName" : "Library Gradle: net.java.jutils:jutils:1.0.0",
      "numberOfScannedFiles" : 12,
      "numberOfSkippedFiles" : 0,
      "numberOfFilesForIndexing" : 0,
      "numberOfFilesFullyIndexedByInfrastructureExtensions" : 0,
      "scanningTime" : 2238800,
      "timeProcessingUpToDateFiles" : 1403800,
      "timeUpdatingContentLessIndexes" : 30400,
      "timeIndexingWithoutContent" : 0
    }, {
      "providerName" : "Indexable set contributor 'Scratches & Consoles' (non-project)",
      "numberOfScannedFiles" : 1,
      "numberOfSkippedFiles" : 0,
      "numberOfFilesForIndexing" : 0,
      "numberOfFilesFullyIndexedByInfrastructureExtensions" : 0,
      "scanningTime" : 1424400,
      "timeProcessingUpToDateFiles" : 153700,
      "timeUpdatingContentLessIndexes" : 2700,
      "timeIndexingWithoutContent" : 0
    }, {
      "providerName" : "Library Gradle: com.paulscode:codecwav:20101023",
      "numberOfScannedFiles" : 6,
      "numberOfSkippedFiles" : 0,
      "numberOfFilesForIndexing" : 0,
      "numberOfFilesFullyIndexedByInfrastructureExtensions" : 0,
      "scanningTime" : 1407500,
      "timeProcessingUpToDateFiles" : 968400,
      "timeUpdatingContentLessIndexes" : 15100,
      "timeIndexingWithoutContent" : 0
    }, {
      "providerName" : "Library Gradle: net.java.jinput:jinput-platform:natives-windows:2.0.5",
      "numberOfScannedFiles" : 5,
      "numberOfSkippedFiles" : 0,
      "numberOfFilesForIndexing" : 0,
      "numberOfFilesFullyIndexedByInfrastructureExtensions" : 0,
      "scanningTime" : 1004200,
      "timeProcessingUpToDateFiles" : 409200,
      "timeUpdatingContentLessIndexes" : 17100,
      "timeIndexingWithoutContent" : 0
    }, {
      "providerName" : "Library Gradle: org.lwjgl.lwjgl:lwjgl-platform:natives-linux:2.9.4-nightly-20150209",
      "numberOfScannedFiles" : 5,
      "numberOfSkippedFiles" : 0,
      "numberOfFilesForIndexing" : 0,
      "numberOfFilesFullyIndexedByInfrastructureExtensions" : 0,
      "scanningTime" : 973000,
      "timeProcessingUpToDateFiles" : 736200,
      "timeUpdatingContentLessIndexes" : 13600,
      "timeIndexingWithoutContent" : 0
    }, {
      "providerName" : "Library Gradle: lzma:lzma:0.0.1",
      "numberOfScannedFiles" : 4,
      "numberOfSkippedFiles" : 0,
      "numberOfFilesForIndexing" : 0,
      "numberOfFilesFullyIndexedByInfrastructureExtensions" : 0,
      "scanningTime" : 904400,
      "timeProcessingUpToDateFiles" : 651300,
      "timeUpdatingContentLessIndexes" : 10500,
      "timeIndexingWithoutContent" : 0
    }, {
      "providerName" : "Library Gradle: org.lwjgl.lwjgl:lwjgl-platform:natives-osx:2.9.4-nightly-20150209",
      "numberOfScannedFiles" : 3,
      "numberOfSkippedFiles" : 0,
      "numberOfFilesForIndexing" : 0,
      "numberOfFilesFullyIndexedByInfrastructureExtensions" : 0,
      "scanningTime" : 518000,
      "timeProcessingUpToDateFiles" : 357500,
      "timeUpdatingContentLessIndexes" : 8400,
      "timeIndexingWithoutContent" : 0
    }, {
      "providerName" : "Library Gradle: net.java.jinput:jinput-platform:natives-linux:2.0.5",
      "numberOfScannedFiles" : 2,
      "numberOfSkippedFiles" : 0,
      "numberOfFilesForIndexing" : 0,
      "numberOfFilesFullyIndexedByInfrastructureExtensions" : 0,
      "scanningTime" : 352900,
      "timeProcessingUpToDateFiles" : 269900,
      "timeUpdatingContentLessIndexes" : 6100,
      "timeIndexingWithoutContent" : 0
    }, {
      "providerName" : "Library Gradle: net.java.jinput:jinput-platform:natives-osx:2.0.5",
      "numberOfScannedFiles" : 1,
      "numberOfSkippedFiles" : 0,
      "numberOfFilesForIndexing" : 0,
      "numberOfFilesFullyIndexedByInfrastructureExtensions" : 0,
      "scanningTime" : 211500,
      "timeProcessingUpToDateFiles" : 161200,
      "timeUpdatingContentLessIndexes" : 3900,
      "timeIndexingWithoutContent" : 0
    }, {
      "providerName" : "Library compileDummy.jar",
      "numberOfScannedFiles" : 0,
      "numberOfSkippedFiles" : 1,
      "numberOfFilesForIndexing" : 0,
      "numberOfFilesFullyIndexedByInfrastructureExtensions" : 0,
      "scanningTime" : 0,
      "timeProcessingUpToDateFiles" : 0,
      "timeUpdatingContentLessIndexes" : 0,
      "timeIndexingWithoutContent" : 0
    }, {
      "providerName" : "Library providedDummy.jar",
      "numberOfScannedFiles" : 0,
      "numberOfSkippedFiles" : 1,
      "numberOfFilesForIndexing" : 0,
      "numberOfFilesFullyIndexedByInfrastructureExtensions" : 0,
      "scanningTime" : 0,
      "timeProcessingUpToDateFiles" : 0,
      "timeUpdatingContentLessIndexes" : 0,
      "timeIndexingWithoutContent" : 0
    }, {
      "providerName" : "Library compileDummy.jar",
      "numberOfScannedFiles" : 0,
      "numberOfSkippedFiles" : 1,
      "numberOfFilesForIndexing" : 0,
      "numberOfFilesFullyIndexedByInfrastructureExtensions" : 0,
      "scanningTime" : 0,
      "timeProcessingUpToDateFiles" : 0,
      "timeUpdatingContentLessIndexes" : 0,
      "timeIndexingWithoutContent" : 0
    }, {
      "providerName" : "Library providedDummy.jar",
      "numberOfScannedFiles" : 0,
      "numberOfSkippedFiles" : 1,
      "numberOfFilesForIndexing" : 0,
      "numberOfFilesFullyIndexedByInfrastructureExtensions" : 0,
      "scanningTime" : 0,
      "timeProcessingUpToDateFiles" : 0,
      "timeUpdatingContentLessIndexes" : 0,
      "timeIndexingWithoutContent" : 0
    }, {
      "providerName" : "Indexable set contributor 'Scratches & Consoles' (project)",
      "numberOfScannedFiles" : 0,
      "numberOfSkippedFiles" : 0,
      "numberOfFilesForIndexing" : 0,
      "numberOfFilesFullyIndexedByInfrastructureExtensions" : 0,
      "scanningTime" : 0,
      "timeProcessingUpToDateFiles" : 0,
      "timeUpdatingContentLessIndexes" : 0,
      "timeIndexingWithoutContent" : 0
    }, {
      "providerName" : "Indexable set contributor 'com.intellij.javaee.ExternalResourcesRootsProvider@2c59af91' (project)",
      "numberOfScannedFiles" : 0,
      "numberOfSkippedFiles" : 0,
      "numberOfFilesForIndexing" : 0,
      "numberOfFilesFullyIndexedByInfrastructureExtensions" : 0,
      "scanningTime" : 0,
      "timeProcessingUpToDateFiles" : 0,
      "timeUpdatingContentLessIndexes" : 0,
      "timeIndexingWithoutContent" : 0
    } ],
    "fileProviderStatistics" : [ ]
  }
}