{"@type":"downloaded","time":"2021-10-06T21:52:43.1995687+08:00[GMT+08:00]","kind":"mvn","chunkUniqueId":"com_google_code_gson_gson_2_8_6-0e81883ea9ef76c5f93d18101e4156a5548779cab23b2a4e179e2af44055db53-603370864728","finishType":"success","downloadTime":1096219300,"packedSize":143688,"unpackedSize":945108,"downloadSpeed":{"totalBytes":143688,"totalTime":1096219300}}
{"@type":"attached","time":"2021-10-06T21:52:43.5336486+08:00[GMT+08:00]","kind":"com_google_code_gson_gson_2_8_6","chunkUniqueId":"com_google_code_gson_gson_2_8_6-0e81883ea9ef76c5f93d18101e4156a5548779cab23b2a4e179e2af44055db53-603370864728","indexName":"com_google_code_gson_gson_2_8_6","fbMatch":{"part":32,"total":32},"stubMatch":{"part":24,"total":24}}
{"@type":"downloaded","time":"2021-10-06T21:52:45.2979215+08:00[GMT+08:00]","kind":"mvn","chunkUniqueId":"org_apache_httpcomponents_httpclient_4_5_13-e41406cbf89f9d4b4dfd78258405468c93a599b3b00a23afab921e0dfbc243cd-603370864728","finishType":"success","downloadTime":1750546100,"packedSize":872204,"unpackedSize":2247558,"downloadSpeed":{"totalBytes":872204,"totalTime":1750546100}}
{"@type":"attached","time":"2021-10-06T21:52:45.3619351+08:00[GMT+08:00]","kind":"org_apache_httpcomponents_httpclient_4_5_13","chunkUniqueId":"org_apache_httpcomponents_httpclient_4_5_13-e41406cbf89f9d4b4dfd78258405468c93a599b3b00a23afab921e0dfbc243cd-603370864728","indexName":"org_apache_httpcomponents_httpclient_4_5_13","fbMatch":{"part":32,"total":32},"stubMatch":{"part":24,"total":24}}
{"@type":"downloaded","time":"2021-10-06T21:52:46.7247732+08:00[GMT+08:00]","kind":"mvn","chunkUniqueId":"org_scala_lang_scala_library_2_11_12-ca8475bfe140003f2ce10582226f873b51cf8c49c5327dc1b381ab14a6341b62-603370864728","finishType":"success","downloadTime":1336037800,"packedSize":1693012,"unpackedSize":3993381,"downloadSpeed":{"totalBytes":1693012,"totalTime":1336037800}}
{"@type":"attached","time":"2021-10-06T21:52:46.7907871+08:00[GMT+08:00]","kind":"org_scala_lang_scala_library_2_11_12","chunkUniqueId":"org_scala_lang_scala_library_2_11_12-ca8475bfe140003f2ce10582226f873b51cf8c49c5327dc1b381ab14a6341b62-603370864728","indexName":"org_scala_lang_scala_library_2_11_12","fbMatch":{"part":32,"total":32},"stubMatch":{"part":24,"total":24}}
{"@type":"downloaded","time":"2021-10-06T21:52:48.3697236+08:00[GMT+08:00]","kind":"mvn","chunkUniqueId":"com_typesafe_akka_akka_actor_2_11_2_3_9-13609e667ed768700754eb813078ac451712c5fb7cda51a8f7aed536d6508ffe-603370864728","finishType":"success","downloadTime":1549475100,"packedSize":2498932,"unpackedSize":5619444,"downloadSpeed":{"totalBytes":2498932,"totalTime":1549475100}}
{"@type":"attached","time":"2021-10-06T21:52:48.4537435+08:00[GMT+08:00]","kind":"com_typesafe_akka_akka_actor_2_11_2_3_9","chunkUniqueId":"com_typesafe_akka_akka_actor_2_11_2_3_9-13609e667ed768700754eb813078ac451712c5fb7cda51a8f7aed536d6508ffe-603370864728","indexName":"com_typesafe_akka_akka_actor_2_11_2_3_9","fbMatch":{"part":32,"total":32},"stubMatch":{"part":24,"total":24}}
{"@type":"downloaded","time":"2021-10-06T21:52:50.0390058+08:00[GMT+08:00]","kind":"mvn","chunkUniqueId":"org_scala_lang_scala_reflect_2_11_12-eba507e75f7e9f7cc80ec0d3f64c16fb9e38d2201a6ab52b16f2a6743e055493-603370864728","finishType":"success","downloadTime":1583372500,"packedSize":2915224,"unpackedSize":6698490,"downloadSpeed":{"totalBytes":2915224,"totalTime":1583372500}}
{"@type":"attached","time":"2021-10-06T21:52:50.1060192+08:00[GMT+08:00]","kind":"org_scala_lang_scala_reflect_2_11_12","chunkUniqueId":"org_scala_lang_scala_reflect_2_11_12-eba507e75f7e9f7cc80ec0d3f64c16fb9e38d2201a6ab52b16f2a6743e055493-603370864728","indexName":"org_scala_lang_scala_reflect_2_11_12","fbMatch":{"part":32,"total":32},"stubMatch":{"part":24,"total":24}}
{"@type":"downloaded","time":"2021-10-06T21:52:54.2111976+08:00[GMT+08:00]","kind":"jdk","chunkUniqueId":"1.8.0_302-corretto-1.8.0_302-ec54cb2e8106b38f74ef5ffa91d7effc006a0c9a99e1a7b9b21d4998c9ec717e-603370864728","finishType":"success","downloadTime":4077409900,"packedSize":23899556,"unpackedSize":44708853,"downloadSpeed":{"totalBytes":23899556,"totalTime":4077409900}}
{"@type":"attached","time":"2021-10-06T21:52:54.4063522+08:00[GMT+08:00]","kind":"1.8.0_302","chunkUniqueId":"1.8.0_302-corretto-1.8.0_302-ec54cb2e8106b38f74ef5ffa91d7effc006a0c9a99e1a7b9b21d4998c9ec717e-603370864728","indexName":"1.8.0_302-corretto-1.8.0_302","fbMatch":{"part":32,"total":32},"stubMatch":{"part":24,"total":24}}
